,Unnamed: 0,Ram,Storage,Brand,Color,Display_Size,Display_Type,Front_Cam,Rear_Cam,Price
0,0,4 GB RAM ,64 GB ROM,realme,Blue,6.5,HD+,5,50,9999
1,1,6 GB RAM ,128 GB RO,realme,Black,6.6,HD+,16,50,13499
2,2,8 GB RAM ,128 GB RO,realme,Blue,6.7,HD+,16,108,25999
3,3,8 GB RAM ,256 GB RO,realme,Blue,6.7,HD+,16,108,27999
4,5,4 GB RAM ,64 GB ROM,realme,Black,6.6,HD+,8,50,14999
5,6,6 GB RAM ,128 GB RO,realme,Blue,6.7,HD+,16,108,24999
6,9,4 GB RAM ,64 GB ROM,realme,Gold,6.6,HD+,8,50,14999
7,13,2 GB RAM ,32 GB ROM,realme,Black,6.5,HD+,5,8,6999
8,14,4 GB RAM ,64 GB ROM,realme,Blue,6.6,HD+,8,50,14999
9,15,6 GB RAM ,128 GB RO,realme,Black,6.6,HD+,8,50,16999
10,16,2 GB RAM ,32 GB ROM,realme,Blue,6.5,HD+,5,8,6999
11,17,6 GB RAM ,128 GB RO,realme,Blue,6.6,HD+,16,50,13499
12,18,4 GB RAM ,64 GB ROM,realme,Black,6.6,HD+,16,50,12639
13,19,6 GB RAM ,128 GB RO,realme,Gold,6.6,HD+,8,50,16999
14,20,4 GB RAM ,64 GB ROM,realme,Black,6.6,HD+,8,50,11999
15,21,4 GB RAM ,64 GB ROM,realme,Blue,6.5,HD+,5,8,8499
16,22,4 GB RAM ,128 GB RO,realme,Black,6.6,HD+,8,50,12999
17,23,6 GB RAM ,128 GB RO,realme,Blue,6.6,HD+,8,50,16999
18,28,2 GB RAM ,32 GB ROM,realme,Grey,6.5,HD+,5,8,7499
19,29,2 GB RAM ,32 GB ROM,realme,Blue,6.5,HD+,5,8,7499
20,30,6 GB RAM ,128 GB RO,realme,Black,6.62,AMOLED,16,64,22999
21,31,8 GB RAM ,256 GB RO,realme,Black,6.62,AMOLED,16,64,26999
22,32,6 GB RAM ,128 GB RO,realme,Black,6.6,HD+,8,50,13999
23,34,4 GB RAM ,64 GB ROM,realme,Green,6.6,HD+,8,50,11999
24,35,8 GB RAM ,128 GB RO,realme,Black,6.4,HD+,16,50,16999
25,36,4 GB RAM ,64 GB ROM,realme,Blue,6.6,HD+,8,50,10772
26,37,4 GB RAM ,64 GB ROM,realme,Black,6.6,HD+,8,50,10538
27,38,4 GB RAM ,64 GB ROM,realme,Grey,6.5,HD+,5,8,8999
28,39,4 GB RAM ,64 GB ROM,realme,Blue,6.5,HD+,5,8,8999
29,40,8 GB RAM ,128 GB RO,realme,White,6.4,HD+,16,50,16999
30,41,4 GB RAM ,64 GB ROM,realme,White,6.4,HD+,16,50,13999
31,42,4 GB RAM ,128 GB RO,realme,Green,6.6,HD+,8,50,12999
32,43,2 GB RAM ,32 GB ROM,realme,Grey,6.5,HD+,5,8,7499
33,44,2 GB RAM ,32 GB ROM,realme,Blue,6.5,HD+,5,8,7499
34,46,3 GB RAM ,32 GB ROM,realme,Blue,6.5,HD+,5,8,6299
35,47,3 GB RAM ,32 GB ROM,realme,Black,6.5,HD+,5,8,6299
36,48,12 GB RAM ,256 GB RO,realme,Black,6.62,AMOLED,16,50,31999
37,50,8 GB RAM ,128 GB RO,realme,Green,6.62,AMOLED,16,50,27999
38,53,4 GB RAM ,128 GB RO,realme,Blue,6.5,HD+,16,48,16499
39,56,4 GB RAM ,64 GB ROM,realme,Grey,6.5,HD+,8,13,10680
40,57,4 GB RAM ,64 GB ROM,realme,Blue,6.5,HD+,8,13,10770
41,58,4 GB RAM ,64 GB ROM,realme,Silver,6.52,HD,5,13,9999
42,60,3 GB RAM ,32 GB ROM,realme,Silver,6.52,HD,5,13,9299
43,61,8 GB RAM ,256 GB RO,realme,White,6.62,AMOLED,16,64,26999
44,62,6 GB RAM ,128 GB RO,realme,White,6.62,AMOLED,16,64,22999
45,63,8 GB RAM ,256 GB RO,realme,Yellow,6.62,AMOLED,16,64,26999
46,64,4 GB RAM ,128 GB RO,realme,Black,6.5,HD+,16,48,16499
47,65,4 GB RAM ,64 GB ROM,realme,White,6.5,HD+,16,48,15999
48,66,4 GB RAM ,64 GB ROM,realme,Blue,6.5,HD+,16,48,15999
49,67,4 GB RAM ,64 GB ROM,realme,Black,6.5,HD+,16,48,15999
50,68,3 GB RAM ,32 GB ROM,realme,Green,6.52,HD,5,13,9299
51,69,4 GB RAM ,128 GB RO,realme,Grey,6.5,HD+,8,13,11999
52,70,4 GB RAM ,128 GB RO,realme,Blue,6.6,HD+,16,50,14999
53,71,4 GB RAM ,64 GB ROM,realme,Black,6.6,HD+,16,50,13999
54,72,4 GB RAM ,64 GB ROM,realme,Green,6.52,HD,5,13,9999
55,73,4 GB RAM ,64 GB ROM,realme,Blue,6.5,HD+,5,13,10499
56,75,3 GB RAM ,32 GB ROM,realme,Blue,6.5,HD+,5,13,9499
57,76,3 GB RAM ,32 GB ROM,realme,Black,6.5,HD+,5,13,9499
58,77,4 GB RAM ,128 GB RO,realme,Black,6.6,HD+,16,50,14999
59,78,4 GB RAM ,64 GB ROM,realme,Black,6.5,HD+,5,13,10499
60,79,6 GB RAM ,128 GB RO,realme,White,6.5,HD+,16,48,17499
61,80,8 GB RAM ,128 GB RO,realme,Yellow,6.62,AMOLED,16,64,24999
62,81,6 GB RAM ,128 GB RO,realme,Yellow,6.62,AMOLED,16,64,22999
63,82,8 GB RAM ,128 GB RO,realme,White,6.62,AMOLED,16,64,24999
64,83,3 GB RAM ,32 GB ROM,realme,Green,6.5,HD+,5,8,6299
65,84,4 GB RAM ,64 GB ROM,realme,Blue,6.6,HD+,16,50,10999
66,88,6 GB RAM ,128 GB RO,realme,Green,6.6,HD+,8,50,15499
67,89,4 GB RAM ,64 GB ROM,realme,Black,6.5,HD+,16,48,15499
68,91,8 GB RAM ,128 GB RO,realme,Black,6.5,HD+,16,48,18499
69,92,6 GB RAM ,128 GB RO,realme,Blue,6.6,HD+,16,50,15999
70,93,4 GB RAM ,64 GB ROM,realme,Blue,6.6,HD+,16,50,13499
71,94,6 GB RAM ,128 GB RO,realme,Black,6.6,HD+,16,50,15999
72,95,4 GB RAM ,64 GB ROM,realme,Black,6.6,HD+,16,50,13499
73,96,6 GB RAM ,128 GB RO,realme,Purple,6.6,HD+,16,50,15999
74,97,6 GB RAM ,128 GB RO,realme,Black,6.6,HD+,16,50,15999
75,98,8 GB RAM ,128 GB RO,realme,Black,6.62,AMOLED,16,64,24999
76,100,8 GB RAM ,128 GB RO,realme,Black,6.4,AMOLED,16,50,26999
77,101,6 GB RAM ,128 GB RO,realme,Black,6.4,AMOLED,16,50,24999
78,102,6 GB RAM ,128 GB RO,realme,Blue,6.5,HD+,16,48,15499
79,103,4 GB RAM ,64 GB ROM,realme,Black,6.5,HD+,16,48,15999
80,104,4 GB RAM ,64 GB ROM,realme,Grey,6.5,HD+,8,50,10999
81,105,8 GB RAM ,128 GB RO,realme,Green,6.4,AMOLED,16,50,26999
82,106,8 GB RAM ,256 GB RO,realme,Black,6.4,AMOLED,16,50,28999
83,107,4 GB RAM ,64 GB ROM,realme,Blue,6.5,HD+,16,48,13499
84,108,3 GB RAM ,32 GB ROM,realme,Black,6.5,HD+,5,13,9499
85,109,8 GB RAM ,128 GB RO,realme,Silver,6.5,HD+,16,48,19999
86,110,4 GB RAM ,128 GB RO,realme,Blue,6.5,HD+,8,50,11999
87,111,3 GB RAM ,32 GB ROM,realme,Blue,6.5,HD+,5,13,9499
88,112,12 GB RAM ,256 GB RO,realme,White,6.7,HD+,16,50,35999
89,113,6 GB RAM ,128 GB RO,realme,Silver,6.5,HD+,16,48,15499
90,114,6 GB RAM ,128 GB RO,realme,Blue,6.6,HD+,16,64,18999
91,116,6 GB RAM ,128 GB RO,realme,Black,6.6,HD+,16,64,18999
92,117,4 GB RAM ,64 GB ROM,realme,Black,6.5,HD+,5,13,10499
93,118,8 GB RAM ,256 GB RO,realme,Blue,6.4,AMOLED,16,50,28999
94,119,4 GB RAM ,128 GB RO,realme,Black,6.4,HD+,16,64,15999
95,120,4 GB RAM ,64 GB ROM,realme,Blue,6.5,HD+,5,13,10499
96,121,8 GB RAM ,256 GB RO,realme,Green,6.4,AMOLED,16,50,28999
97,122,8 GB RAM ,256 GB RO,realme,White,6.7,HD+,16,50,31999
98,123,8 GB RAM ,256 GB RO,realme,Black,6.7,HD+,16,50,31999
99,125,8 GB RAM ,256 GB RO,realme,Blue,6.7,HD+,16,50,31999
100,127,4 GB RAM ,64 GB ROM,realme,Blue,6.5,HD+,8,50,10999
101,130,6 GB RAM ,128 GB RO,realme,Black,6.4,HD+,16,64,16999
102,131,4 GB RAM ,128 GB RO,realme,Grey,6.5,HD+,8,50,11999
103,133,6 GB RAM ,64 GB ROM,realme,Orange,6.6,HD+,16,64,17999
104,136,12 GB RAM ,256 GB RO,realme,Black,6.7,HD+,16,50,35999
105,137,8 GB RAM ,128 GB RO,realme,Blue,6.7,HD+,16,50,29999
106,138,4 GB RAM ,128 GB RO,realme,Silver,6.4,HD+,16,64,15999
107,139,8 GB RAM ,128 GB RO,realme,Black,6.7,HD+,16,50,29999
108,140,12 GB RAM ,256 GB RO,realme,Blue,6.7,HD+,16,50,35999
109,141,8 GB RAM ,128 GB RO,realme,Black,6.4,HD+,16,64,17999
110,143,4 GB RAM ,64 GB ROM,realme,Grey,6.5,HD+,8,50,10999
111,144,12 GB RAM ,256 GB RO,realme,Black,6.62,HD+,16,64,35999
112,145,8 GB RAM ,128 GB RO,realme,Gold,6.4,AMOLED,16,108,17999
113,146,8 GB RAM ,128 GB RO,realme,Black,6.4,AMOLED,16,108,17999
114,147,6 GB RAM ,128 GB RO,realme,Gold,6.4,AMOLED,16,108,16999
115,148,8 GB RAM ,128 GB RO,realme,Black,6.43,HD+,32,64,27999
116,150,4 GB RAM ,64 GB ROM,realme,Blue,6.52,HD+,5,12,8999
117,152,4 GB RAM ,64 GB ROM,realme,Black,6.3,HD+,16,16,13990
118,153,8 GB RAM ,128 GB RO,realme,Blue,6.62,HD+,16,64,31999
119,154,3 GB RAM ,32 GB ROM,realme,Blue,6.52,HD+,8,13,11999
120,155,3 GB RAM ,32 GB ROM,realme,Blue,6.52,HD+,5,12,7999
121,156,12 GB RAM ,256 GB RO,realme,Yellow,6.43,HD+,16,64,41999
122,157,2 GB RAM ,32 GB ROM,realme,Black,6.1,HD+,5,13,7999
123,158,2 GB RAM ,32 GB ROM,realme,Blue,6.1,HD+,5,13,7999
124,159,8 GB RAM ,256 GB RO,realme,White,6.43,HD+,32,64,29999
125,160,4 GB RAM ,64 GB ROM,realme,Blue,6.5,HD+,8,50,10990
126,161,3 GB RAM ,32 GB ROM,realme,Blue,6.52,HD+,8,13,11999
127,162,6 GB RAM ,64 GB ROM,realme,Blue,6.5,HD+,16,64,17499
128,163,4 GB RAM ,64 GB ROM,realme,Black,6.22,HD+,13,13,10499
129,165,3 GB RAM ,32 GB ROM,realme,Blue,6.22,HD+,13,13,8499
130,166,3 GB RAM ,32 GB ROM,realme,Black,6.22,HD+,13,13,8499
131,167,4 GB RAM ,128 GB RO,realme,Blue,6.5,HD+,8,13,11890
132,168,8 GB RAM ,256 GB RO,realme,White,6.57,HD+,32,64,30049
133,170,3 GB RAM ,32 GB ROM,realme,Black,6.2,HD+,8,13,9990
134,171,3 GB RAM ,32 GB ROM,realme,Blue,6.52,HD+,5,13,10999
135,172,8 GB RAM ,128 GB RO,realme,Silver,6.43,HD+,16,64,37999
136,173,3 GB RAM ,32 GB ROM,realme,Silver,6.52,HD+,8,13,11999
137,175,4 GB RAM ,64 GB ROM,realme,Blue,6.52,HD+,8,13,12999
138,176,8 GB RAM ,256 GB RO,realme,Blue,6.57,HD+,32,64,30049
139,177,3 GB RAM ,32 GB ROM,realme,Black,6.1,HD+,5,13,8999
140,178,6 GB RAM ,64 GB ROM,realme,Blue,6.3,HD+,16,16,15990
141,179,8 GB RAM ,128 GB RO,realme,Black,6.55,HD+,32,64,29999
142,180,8 GB RAM ,128 GB RO,realme,White,6.57,HD+,32,64,29999
143,182,12 GB RAM ,256 GB RO,realme,Black,6.7,HD,32,50,57999
144,183,8 GB RAM ,128 GB RO,realme,White,6.5,HD+,16,64,19999
145,184,8 GB RAM ,128 GB RO,realme,Blue,6.53,HD+,16,48,20999
146,185,4 GB RAM ,128 GB RO,realme,Blue,6.53,HD+,16,48,17999
147,186,8 GB RAM ,128 GB RO,realme,White,6.53,HD+,16,48,20999
148,187,8 GB RAM ,128 GB RO,realme,White,6.7,HD+,16,50,36999
149,189,2 GB RAM ,16 GB ROM,realme,Black,6.1,HD+,5,13,6999
150,190,8 GB RAM ,128 GB RO,realme,White,6.7,HD,32,50,49999
151,191,8 GB RAM ,128 GB RO,realme,Green,6.7,HD,32,50,49999
152,192,2 GB RAM ,16 GB ROM,realme,Blue,6.1,HD+,5,13,6999
153,193,8 GB RAM ,128 GB RO,realme,Green,6.44,HD+,32,64,41999
154,194,12 GB RAM ,256 GB RO,realme,Green,6.44,HD+,32,64,47999
155,195,8 GB RAM ,128 GB RO,realme,Black,6.7,HD,32,50,49999
156,197,12 GB RAM ,256 GB RO,realme,Green,6.7,HD,32,50,57999
157,198,6 GB RAM ,128 GB RO,realme,Blue,6.6,HD+,16,64,18999
158,204,6 GB RAM ,64 GB ROM,realme,Silver,6.5,HD+,16,48,14499
159,205,6 GB RAM ,128 GB RO,realme,Blue,6.4,AMOLED,16,50,24999
160,206,6 GB RAM ,128 GB RO,realme,Silver,6.4,HD+,16,64,16999
161,208,4 GB RAM ,64 GB ROM,realme,Silver,6.5,HD+,16,48,14499
162,209,8 GB RAM ,128 GB RO,realme,Silver,6.4,HD+,16,64,17999
163,210,12 GB RAM ,256 GB RO,realme,White,6.62,AMOLED,16,50,31999
164,211,4 GB RAM ,64 GB ROM,realme,Blue,6.5,HD+,8,13,9999
165,212,8 GB RAM ,128 GB RO,realme,Green,6.62,HD+,16,64,31999
166,213,4 GB RAM ,128 GB RO,realme,Blue,6.5,HD+,8,50,12499
167,214,6 GB RAM ,128 GB RO,realme,Silver,6.5,HD+,16,48,16999
168,215,6 GB RAM ,128 GB RO,realme,Blue,6.5,HD+,16,48,16999
169,216,8 GB RAM ,256 GB RO,realme,Grey,6.43,HD+,32,64,29999
170,217,4 GB RAM ,64 GB ROM,realme,Blue,6.51,HD+,8,13,9999
171,218,4 GB RAM ,64 GB ROM,realme,Blue,6.5,HD+,8,50,11499
172,219,6 GB RAM ,128 GB RO,realme,Black,6.43,HD+,32,64,25999
173,220,6 GB RAM ,128 GB RO,realme,Green,6.6,HD+,16,64,18999
174,221,4 GB RAM ,64 GB ROM,realme,Silver,6.52,HD+,8,48,10499
175,222,8 GB RAM ,128 GB RO,realme,Purple,6.5,HD+,16,64,19999
176,223,8 GB RAM ,128 GB RO,realme,Blue,6.5,HD+,16,64,19999
177,225,2 GB RAM ,32 GB ROM,realme,Green,6.5,HD+,5,13,8999
178,226,4 GB RAM ,128 GB RO,realme,Blue,6.52,HD+,8,48,11499
179,229,12 GB RAM ,256 GB RO,realme,White,6.7,HD,32,50,57999
180,230,6 GB RAM ,128 GB RO,realme,Blue,6.5,HD+,16,64,15999
181,231,6 GB RAM ,128 GB RO,realme,Silver,6.43,HD+,16,64,19999
182,232,4 GB RAM ,128 GB RO,realme,Silver,6.52,HD+,8,48,11499
183,234,2 GB RAM ,32 GB ROM,realme,Grey,6.5,HD+,5,13,8999
184,236,8 GB RAM ,256 GB RO,realme,Blue,6.43,HD+,32,64,29999
185,237,4 GB RAM ,128 GB RO,realme,Blue,6.5,HD+,8,50,11999
186,238,12 GB RAM ,256 GB RO,realme,Blue,6.57,HD+,32,64,34999
187,239,8 GB RAM ,128 GB RO,realme,Blue,6.43,HD+,16,64,37999
188,240,4 GB RAM ,128 GB RO,realme,Purple,6.5,HD+,13,12,12999
189,241,3 GB RAM ,32 GB ROM,realme,Purple,6.5,HD+,13,12,10999
190,242,4 GB RAM ,128 GB RO,realme,Blue,6.5,HD+,13,12,12999
191,243,3 GB RAM ,32 GB ROM,realme,Blue,6.5,HD+,13,12,10999
192,244,8 GB RAM ,128 GB RO,realme,Black,6.3,HD+,16,16,17990
193,246,12 GB RAM ,256 GB RO,realme,Blue,6.7,HD+,16,50,35999
194,247,4 GB RAM ,64 GB ROM,realme,Blue,6.5,HD+,8,12,11999
195,248,8 GB RAM ,128 GB RO,realme,Blue,6.5,HD+,16,64,16999
196,251,4 GB RAM ,64 GB ROM,realme,Blue,6.5,HD+,13,48,11999
197,252,8 GB RAM ,128 GB RO,realme,Blue,6.4,HD+,16,108,19999
198,253,12 GB RAM ,256 GB RO,realme,White,6.57,HD+,32,64,34999
199,254,6 GB RAM ,128 GB RO,realme,Black,6.4,HD+,16,108,17999
200,255,6 GB RAM ,128 GB RO,realme,Silver,6.4,HD+,32,64,19999
201,256,12 GB RAM ,256 GB RO,realme,Blue,6.5,HD+,16,64,35999
202,257,8 GB RAM ,128 GB RO,realme,Blue,6.5,HD+,16,64,31999
203,258,3 GB RAM ,32 GB ROM,realme,Silver,6.52,HD+,8,13,11999
204,259,6 GB RAM ,128 GB RO,realme,Yellow,6.4,HD+,16,108,17999
205,260,3 GB RAM ,32 GB ROM,realme,Blue,6.22,HD+,13,13,8499
206,261,3 GB RAM ,64 GB ROM,realme,Black,6.22,HD+,13,13,9499
207,262,4 GB RAM ,64 GB ROM,realme,Blue,6.22,HD+,13,13,10499
208,263,6 GB RAM ,64 GB ROM,realme,White,6.5,HD+,16,64,17999
209,264,6 GB RAM ,64 GB ROM,realme,Blue,6.5,HD+,16,64,17999
210,265,3 GB RAM ,32 GB ROM,realme,Black,6.22,HD+,13,13,8499
211,266,4 GB RAM ,64 GB ROM,realme,Black,6.5,HD+,16,48,14999
212,267,2 GB RAM ,32 GB ROM,realme,Black,6.2,HD+,5,13,8999
213,268,6 GB RAM ,64 GB ROM,realme,Black,6.5,HD+,16,48,15999
214,269,4 GB RAM ,64 GB ROM,realme,White,6.5,HD+,16,48,14999
215,270,6 GB RAM ,64 GB ROM,realme,White,6.5,HD+,16,48,14999
216,271,4 GB RAM ,64 GB ROM,realme,Blue,6.3,HD+,25,16,13999
217,272,2 GB RAM ,16 GB ROM,realme,Black,6.2,HD+,5,13,8990
218,273,2 GB RAM ,16 GB ROM,realme,Blue,6.2,HD+,5,13,8990
219,275,4 GB RAM ,128 GB RO,realme,Blue,6.52,HD+,8,12,11999
220,276,4 GB RAM ,64 GB ROM,realme,Green,6.52,HD+,8,12,10999
221,277,4 GB RAM ,64 GB ROM,realme,Blue,6.52,HD+,8,12,10999
222,278,6 GB RAM ,64 GB ROM,realme,Blue,6.3,HD+,16,48,15999
223,279,8 GB RAM ,128 GB RO,realme,Blue,6.3,HD+,16,48,17999
224,280,6 GB RAM ,64 GB ROM,realme,Green,6.3,HD+,16,48,15999
225,281,4 GB RAM ,64 GB ROM,realme,Blue,6.3,HD+,16,48,14999
226,282,4 GB RAM ,64 GB ROM,realme,Green,6.3,HD+,16,48,14999
227,283,4 GB RAM ,128 GB RO,realme,Blue,6.5,HD+,16,64,14249
228,284,8 GB RAM ,128 GB RO,realme,Silver,6.4,HD+,32,64,21999
229,285,2 GB RAM ,32 GB ROM,realme,Blue,6.5,HD+,5,8,5299
230,290,12 GB RAM ,256 GB RO,realme,Green,6.62,AMOLED,16,50,31999
231,291,4 GB RAM ,128 GB RO,realme,Blue,6.5,HD+,8,13,11999
232,292,8 GB RAM ,128 GB RO,realme,Blue,6.5,HD+,16,48,18499
233,293,4 GB RAM ,64 GB ROM,realme,Blue,6.5,HD+,16,48,15499
234,294,6 GB RAM ,128 GB RO,realme,Black,6.5,HD+,16,48,17499
235,295,6 GB RAM ,128 GB RO,realme,Black,6.5,HD+,16,48,17499
236,296,8 GB RAM ,128 GB RO,realme,Black,6.5,HD+,16,48,19999
237,297,6 GB RAM ,128 GB RO,realme,Blue,6.5,HD+,16,48,17499
238,298,6 GB RAM ,128 GB RO,realme,Green,6.4,AMOLED,16,50,24999
239,300,3 GB RAM ,32 GB ROM,realme,Grey,6.52,HD+,5,12,8999
240,301,4 GB RAM ,64 GB ROM,realme,Green,6.5,HD+,8,50,11499
241,302,12 GB RAM ,256 GB RO,realme,Green,6.62,HD+,16,64,35999
242,304,8 GB RAM ,128 GB RO,realme,Grey,6.43,HD+,32,64,27999
243,305,3 GB RAM ,32 GB ROM,realme,Black,6.51,HD+,8,13,8999
244,306,3 GB RAM ,32 GB ROM,realme,Blue,6.51,HD+,8,13,8999
245,308,4 GB RAM ,128 GB RO,realme,Blue,6.5,HD+,8,13,10999
246,309,4 GB RAM ,64 GB ROM,realme,Grey,6.5,HD+,8,13,9999
247,310,8 GB RAM ,128 GB RO,realme,Blue,6.5,HD+,16,64,20999
248,311,8 GB RAM ,256 GB RO,realme,Black,6.43,HD+,32,64,29999
249,313,6 GB RAM ,128 GB RO,realme,White,6.43,HD+,32,64,25999
250,315,8 GB RAM ,128 GB RO,realme,Blue,6.43,HD+,32,64,27999
251,316,6 GB RAM ,128 GB RO,realme,Grey,6.43,HD+,32,64,25999
252,317,6 GB RAM ,128 GB RO,realme,Blue,6.43,HD+,32,64,25999
253,318,4 GB RAM ,128 GB RO,realme,Blue,6.5,HD+,8,50,11999
254,320,3 GB RAM ,32 GB ROM,realme,Silver,6.52,HD+,5,13,10999
255,321,4 GB RAM ,64 GB ROM,realme,Blue,6.52,HD+,5,13,10999
256,322,4 GB RAM ,64 GB ROM,realme,Silver,6.52,HD+,5,13,9999
257,323,4 GB RAM ,64 GB ROM,realme,Black,6.2,HD+,8,13,11990
258,327,4 GB RAM ,64 GB ROM,realme,Black,6.51,HD+,8,13,9999
259,328,4 GB RAM ,64 GB ROM,realme,Blue,6.52,HD+,8,13,12999
260,329,4 GB RAM ,64 GB ROM,realme,Silver,6.52,HD+,8,13,12999
261,332,6 GB RAM ,128 GB RO,realme,Blue,6.5,HD+,16,64,17999
262,333,3 GB RAM ,32 GB ROM,realme,Blue,6.1,HD+,5,13,8999
263,335,4 GB RAM ,64 GB ROM,realme,Pearl,6.4,HD+,32,64,17999
264,336,8 GB RAM ,128 GB RO,realme,Pearl,6.4,HD+,32,64,20999
265,337,4 GB RAM ,64 GB ROM,realme,Blue,6.52,HD+,8,48,10499
266,341,6 GB RAM ,128 GB RO,realme,Purple,6.5,HD+,16,64,17999
267,342,8 GB RAM ,128 GB RO,realme,Blue,6.4,AMOLED,16,50,26999
268,345,4 GB RAM ,128 GB RO,realme,White,6.53,HD+,16,48,17999
269,346,8 GB RAM ,128 GB RO,realme,Black,6.72,HD+,16,108,20999
270,347,12 GB RAM ,256 GB RO,realme,Silver,6.43,HD+,16,64,29999
271,348,4 GB RAM ,64 GB ROM,realme,White,6.5,HD+,16,64,13999
272,352,8 GB RAM ,128 GB RO,realme,Black,6.5,HD+,16,48,16999
273,354,6 GB RAM ,64 GB ROM,realme,Blue,6.6,HD+,16,64,17999
274,355,12 GB RAM ,256 GB RO,realme,Black,6.43,HD+,16,64,29999
275,356,8 GB RAM ,128 GB RO,realme,White,6.5,HD+,16,48,16999
276,357,6 GB RAM ,64 GB ROM,realme,White,6.5,HD+,16,48,14999
277,361,8 GB RAM ,128 GB RO,realme,Silver,6.43,HD+,16,64,21999
278,363,4 GB RAM ,128 GB RO,realme,Grey,6.5,HD+,8,50,11999
279,364,4 GB RAM ,64 GB ROM,realme,Green,6.5,HD+,16,64,11849
280,365,4 GB RAM ,64 GB ROM,realme,Blue,6.5,HD+,16,64,11849
281,366,8 GB RAM ,128 GB RO,realme,Pearl,6.4,HD+,32,64,20999
282,367,6 GB RAM ,128 GB RO,realme,Pearl,6.4,HD+,32,64,19999
283,368,4 GB RAM ,128 GB RO,realme,Green,6.5,HD+,16,64,14249
284,369,8 GB RAM ,128 GB RO,realme,Silver,6.43,HD+,16,64,26999
285,371,3 GB RAM ,32 GB ROM,realme,Silver,6.5,HD+,8,12,10999
286,372,8 GB RAM ,128 GB RO,realme,Black,6.4,HD+,16,108,19999
287,373,6 GB RAM ,64 GB ROM,realme,White,6.5,HD+,16,64,29999
288,375,8 GB RAM ,128 GB RO,realme,White,6.57,HD+,16,64,27999
289,376,8 GB RAM ,128 GB RO,realme,Blue,6.57,HD+,16,64,27999
290,377,3 GB RAM ,32 GB ROM,realme,Blue,6.5,HD+,8,12,10999
291,378,4 GB RAM ,128 GB RO,realme,Blue,6.5,HD+,13,48,12999
292,380,6 GB RAM ,128 GB RO,realme,Blue,6.4,HD+,16,108,17999
293,381,4 GB RAM ,64 GB ROM,realme,Silver,6.5,HD+,8,12,11999
294,382,4 GB RAM ,64 GB ROM,realme,White,6.52,HD+,5,12,9499
295,383,12 GB RAM ,256 GB RO,realme,White,6.5,HD+,16,64,35999
296,384,8 GB RAM ,128 GB RO,realme,White,6.5,HD+,16,64,31999
297,386,6 GB RAM ,64 GB ROM,realme,Black,6.5,HD+,16,48,14999
298,387,8 GB RAM ,128 GB RO,realme,Blue,6.4,HD+,32,64,21999
299,388,6 GB RAM ,128 GB RO,realme,Blue,6.4,HD+,32,64,19999
300,390,3 GB RAM ,64 GB ROM,realme,Blue,6.22,HD+,13,13,9499
301,391,8 GB RAM ,128 GB RO,realme,Yellow,6.4,HD+,16,108,19999
302,392,4 GB RAM ,128 GB RO,realme,White,6.5,HD+,16,48,11999
303,393,4 GB RAM ,128 GB RO,realme,Blue,6.5,HD+,16,48,11999
304,394,3 GB RAM ,32 GB ROM,realme,Black,6.2,HD+,5,13,9999
305,395,8 GB RAM ,128 GB RO,realme,White,6.3,HD+,16,48,16999
306,396,8 GB RAM ,128 GB RO,realme,Black,6.43,HD+,16,64,26999
307,400,1 GB RAM ,8 GB ROM,redmi,Black,6.7,HD,5,8,5999
308,401,4 GB RAM ,64 GB ROM,redmi,Blue,6.22,HD+,8,12,10749
309,403,1 GB RAM ,16 GB ROM,redmi,Blue,6.5,HD,5,8,5999
310,404,3 GB RAM ,32 GB ROM,redmi,Black,6.53,HD+,5,13,8190
311,405,8 GB RAM ,128 GB RO,xiaomi,Blue,6.55,HD+,20,64,23890
312,406,3 GB RAM ,32 GB ROM,redmi,Blue,6.53,HD+,5,13,8190
313,407,6 GB RAM ,128 GB RO,Mi,Black,6.67,HD+,20,48,33999
314,408,6 GB RAM ,128 GB RO,Mi,White,6.67,HD+,20,48,32980
315,411,6 GB RAM ,128 GB RO,xiaomi,Black,6.67,AMOLED,16,108,24999
316,414,8 GB RAM ,128 GB RO,xiaomi,Purple,6.67,AMOLED,16,108,26999
317,416,2 GB RAM ,32 GB ROM,redmi,Gold,5.45,HD+,5,12,6999
318,417,6 GB RAM ,128 GB RO,xiaomi,Blue,6.55,HD+,20,64,23490
319,419,4 GB RAM ,64 GB ROM,redmi,Black,6.3,HD+,13,48,13999
320,427,6 GB RAM ,128 GB RO,xiaomi,Pearl,6.67,AMOLED,16,108,24999
321,428,4 GB RAM ,64 GB ROM,redmi,Grey,5.99,HD+,16,12,13499
322,429,8 GB RAM ,128 GB RO,Mi,White,6.67,HD+,20,48,30999
323,432,6 GB RAM ,128 GB RO,xiaomi,Purple,6.67,AMOLED,16,108,24999
324,433,2 GB RAM ,32 GB ROM,redmi,Blue,5.45,HD+,5,12,6999
325,434,3 GB RAM ,64 GB ROM,redmi,Black,5.45,HD+,5,12,10499
326,435,8 GB RAM ,128 GB RO,Mi,Black,6.55,HD+,16,64,23999
327,436,6 GB RAM ,128 GB RO,xiaomi,Purple,6.67,AMOLED,16,108,24999
328,441,8 GB RAM ,128 GB RO,Mi,Blue,6.55,HD+,16,64,23999
329,442,4 GB RAM ,64 GB ROM,redmi,Blue,6.53,HD+,5,13,10999
330,444,6 GB RAM ,128 GB RO,xiaomi,Black,6.67,AMOLED,16,108,24999
331,445,8 GB RAM ,128 GB RO,Mi,Black,6.67,HD+,20,108,47999
332,448,3 GB RAM ,32 GB ROM,redmi,Black,6.3,HD+,13,48,11999
333,449,3 GB RAM ,32 GB ROM,redmi,Gold,5.45,HD+,5,12,8999
334,450,3 GB RAM ,64 GB ROM,redmi,Blue,5.45,HD+,5,12,10499
335,452,3 GB RAM ,32 GB ROM,redmi,Blue,5.99,HD+,16,12,10499
336,453,4 GB RAM ,64 GB ROM,redmi,Black,5.99,HD+,5,12,11999
337,454,4 GB RAM ,64 GB ROM,Mi,Gold,5.99,HD+,20,20,17499
338,455,6 GB RAM ,64 GB ROM,redmi,Gold,5.99,HD+,20,12,16999
339,456,3 GB RAM ,32 GB ROM,redmi,White,6.22,HD+,8,13,8999
340,457,4 GB RAM ,64 GB ROM,redmi,Blue,6.26,HD+,20,12,15999
341,458,4 GB RAM ,64 GB ROM,redmi,Gold,5.99,HD+,20,12,14999
342,459,3 GB RAM ,64 GB ROM,redmi,Grey,6.22,HD+,8,13,9999
343,461,3 GB RAM ,32 GB ROM,redmi,White,6.3,HD+,13,48,11999
344,463,2 GB RAM ,32 GB ROM,redmi,Black,5.45,HD+,5,12,6999
345,464,4 GB RAM ,64 GB ROM,redmi,Black,5.99,HD+,20,12,14999
346,466,6 GB RAM ,128 GB RO,redmi,Pearl,6.39,HD+,20,48,24999
347,469,6 GB RAM ,64 GB ROM,redmi,Black,6.3,HD+,13,48,16999
348,470,3 GB RAM ,32 GB ROM,redmi,Blue,5.45,HD+,5,12,8999
349,471,8 GB RAM ,128 GB RO,Mi,Silver,6.67,HD+,20,64,37999
350,473,1 GB RAM ,16 GB ROM,redmi,Black,6.67,HD,5,8,5999
351,475,1 GB RAM ,8 GB ROM,redmi,Blue,6.3,HD,5,8,5999
352,476,4 GB RAM ,64 GB ROM,redmi,Blue,6.3,HD+,13,48,13999
353,477,4 GB RAM ,64 GB ROM,redmi,White,6.3,HD+,13,48,13999
354,478,3 GB RAM ,32 GB ROM,redmi,Gold,6.3,HD,5,13,6999
355,482,3 GB RAM ,32 GB ROM,redmi,Black,6.3,HD+,13,12,12999
356,485,4 GB RAM ,64 GB ROM,redmi,Blue,6.3,HD+,13,48,15999
357,487,4 GB RAM ,64 GB ROM,redmi,Gold,5.99,HD+,5,12,11999
358,488,2 GB RAM ,16 GB ROM,redmi,Gold,5.45,HD+,5,12,6499
359,489,4 GB RAM ,64 GB ROM,redmi,Black,6.26,HD+,20,12,15999
360,490,6 GB RAM ,64 GB ROM,redmi,Black,5.99,HD+,20,12,16999
361,491,3 GB RAM ,64 GB ROM,redmi,Gold,5.45,HD+,5,12,10499
362,492,3 GB RAM ,32 GB ROM,redmi,Gold,5.45,HD,5,13,8999
363,513,8 GB RAM ,128 GB RO,xiaomi,Purple,6.67,AMOLED,16,108,26999
364,514,8 GB RAM ,128 GB RO,Mi,Silver,6.67,HD+,20,108,29990
365,515,8 GB RAM ,128 GB RO,xiaomi,Black,6.67,AMOLED,16,108,26999
366,519,6 GB RAM ,128 GB RO,Mi,Blue,6.55,HD+,16,64,21999
367,523,8 GB RAM ,128 GB RO,Mi,Black,6.67,HD+,20,64,37999
368,524,3 GB RAM ,32 GB ROM,redmi,Black,5.45,HD+,5,12,8999
369,525,2 GB RAM ,32 GB ROM,redmi,Black,6.22,HD+,8,12,7999
370,526,3 GB RAM ,32 GB ROM,redmi,Green,6.53,HD+,5,13,7999
371,528,2 GB RAM ,16 GB ROM,redmi,Blue,5.45,HD+,5,12,6499
372,531,6 GB RAM ,128 GB RO,redmi,Blue,6.39,HD+,20,48,24999
373,532,3 GB RAM ,32 GB ROM,redmi,Grey,6.22,HD+,8,13,8999
374,533,6 GB RAM ,128 GB RO,redmi,Black,6.3,HD+,13,48,16999
375,534,6 GB RAM ,128 GB RO,xiaomi,Green,6.67,AMOLED,16,108,24999
376,536,4 GB RAM ,64 GB ROM,redmi,White,6.3,HD+,13,48,15999
377,537,4 GB RAM ,64 GB ROM,redmi,Black,5.5,HD,5,13,12749
378,538,4 GB RAM ,64 GB ROM,redmi,Gold,5.5,HD,5,13,12749
379,539,4 GB RAM ,64 GB ROM,redmi,Green,6.22,HD+,8,12,10999
380,540,4 GB RAM ,64 GB ROM,redmi,Grey,5.5,HD,5,13,12749
381,541,6 GB RAM ,64 GB ROM,redmi,Blue,6.39,HD+,20,48,22999
382,544,6 GB RAM ,64 GB ROM,redmi,Blue,6.26,HD+,20,12,17999
383,545,6 GB RAM ,64 GB ROM,redmi,Blue,6.3,HD+,13,48,16999
384,546,4 GB RAM ,64 GB ROM,redmi,Gold,6.26,HD+,20,12,15999
385,551,6 GB RAM ,128 GB RO,xiaomi,Black,6.55,HD+,20,64,21990
386,552,4 GB RAM ,64 GB ROM,redmi,Orange,6.53,HD+,5,13,9999
387,554,2 GB RAM ,16 GB ROM,redmi,Blue,6.55,HD,5,13,5999
388,557,3 GB RAM ,32 GB ROM,redmi,Gold,6.26,HD,5,13,6999
389,558,3 GB RAM ,32 GB ROM,redmi,Gold,6.26,HD,5,13,6999
390,559,2 GB RAM ,16 GB ROM,redmi,Grey,6.26,HD,5,13,5999
391,560,3 GB RAM ,32 GB ROM,redmi,Gold,5.99,HD+,5,12,10999
392,562,4 GB RAM ,64 GB ROM,redmi,Black,6.3,HD+,13,12,12349
393,563,4 GB RAM ,64 GB ROM,redmi,Gold,5.99,HD+,16,12,13499
394,564,3 GB RAM ,32 GB ROM,redmi,Gold,5.99,HD+,5,12,10999
395,566,2 GB RAM ,16 GB ROM,redmi,Gold,6.67,HD,5,13,5999
396,567,4 GB RAM ,64 GB ROM,Mi,Black,6.44,HD,5,12,14999
397,568,4 GB RAM ,64 GB ROM,Mi,Black,5.99,HD+,20,20,17499
398,569,6 GB RAM ,128 GB RO,Mi,White,6.08,HD+,32,48,17499
399,570,3 GB RAM ,32 GB ROM,redmi,Grey,6.08,HD,5,13,6999
400,578,3 GB RAM ,32 GB ROM,redmi,Black,5.99,HD+,5,12,10999
401,579,4 GB RAM ,64 GB ROM,redmi,Blue,6.3,HD+,13,48,12999
402,580,3 GB RAM ,32 GB ROM,redmi,Black,5.99,HD+,16,12,8990
403,581,3 GB RAM ,32 GB ROM,redmi,Blue,5.99,HD+,5,12,10999
404,582,4 GB RAM ,64 GB ROM,redmi,Purple,6.3,HD+,13,48,12999
405,584,4 GB RAM ,64 GB ROM,redmi,Gold,5.99,HD+,20,12,14999
406,585,4 GB RAM ,64 GB ROM,redmi,Black,6.3,HD+,13,48,12999
407,587,4 GB RAM ,64 GB ROM,redmi,White,6.3,HD+,13,48,12999
408,588,4 GB RAM ,64 GB ROM,redmi,Blue,5.99,HD+,20,12,14999
409,591,3 GB RAM ,32 GB ROM,redmi,Blue,6.22,HD+,8,12,8999
410,592,6 GB RAM ,128 GB RO,redmi,Blue,6.39,HD+,20,48,28999
411,593,6 GB RAM ,64 GB ROM,redmi,Blue,5.99,HD+,20,12,16999
412,594,3 GB RAM ,32 GB ROM,redmi,Grey,5.99,HD,5,13,6999
413,595,8 GB RAM ,128 GB RO,xiaomi,Black,6.67,AMOLED,16,108,26999
414,598,4 GB RAM ,64 GB ROM,redmi,Black,6.67,HD+,16,48,14450
415,600,4 GB RAM ,64 GB ROM,redmi,Gold,6.67,HD+,16,48,14990
416,601,6 GB RAM ,128 GB RO,redmi,Blue,6.3,HD+,13,48,14998
417,604,3 GB RAM ,32 GB ROM,redmi,Black,6.22,HD+,8,12,8999
418,607,3 GB RAM ,32 GB ROM,redmi,Blue,6.3,HD+,13,48,11999
419,609,8 GB RAM ,128 GB RO,Mi,Black,6.67,HD+,20,48,24808
420,611,6 GB RAM ,128 GB RO,xiaomi,Green,6.67,AMOLED,16,108,24999
421,623,6 GB RAM ,128 GB RO,Mi,Silver,6.67,HD+,20,48,24490
422,624,6 GB RAM ,128 GB RO,redmi,Blue,6.3,HD+,13,48,17999
423,625,4 GB RAM ,64 GB ROM,Mi,Blue,5.99,HD+,20,20,17499
424,627,8 GB RAM ,128 GB RO,Mi,Silver,6.67,HD+,20,108,25999
425,630,4 GB RAM ,64 GB ROM,Mi,Gold,5.99,HD+,20,20,17499
426,631,2 GB RAM ,16 GB ROM,redmi,Grey,5.99,HD,5,13,6999
427,632,8 GB RAM ,128 GB RO,xiaomi,Pearl,6.67,AMOLED,16,108,26999
428,633,8 GB RAM ,256 GB RO,Mi,Silver,6.67,HD+,20,108,34999
429,634,4 GB RAM ,64 GB ROM,redmi,Black,6.22,HD+,8,12,10999
430,637,2 GB RAM ,16 GB ROM,redmi,Black,5.45,HD+,5,12,6499
431,638,6 GB RAM ,128 GB RO,Mi,Black,6.55,HD+,16,64,21999
432,640,4 GB RAM ,64 GB ROM,redmi,Carbon,6.53,HD+,5,13,8935
433,641,4 GB RAM ,64 GB ROM,redmi,Blue,6.3,HD+,13,12,14999
434,643,4 GB RAM ,64 GB ROM,Mi,Black,5.5,HD,5,12,14599
435,645,4 GB RAM ,64 GB ROM,redmi,Blue,5.7,HD,5,12,8299
436,646,2 GB RAM ,16 GB ROM,Mi,Grey,5.7,HD,2,13,16999
437,648,4 GB RAM ,64 GB ROM,redmi,Blue,6.53,HD+,5,13,9015
438,654,3 GB RAM ,32 GB ROM,redmi,Grey,5.99,HD+,16,12,10499
439,655,3 GB RAM ,32 GB ROM,redmi,Gold,5.99,HD+,16,12,10499
440,656,6 GB RAM ,128 GB RO,Mi,Blue,5.99,HD+,20,20,20500
441,657,3 GB RAM ,32 GB ROM,redmi,Gold,5.7,HD+,5,12,9999
442,658,8 GB RAM ,256 GB RO,redmi,Pearl,6.39,HD+,20,48,31999
443,660,3 GB RAM ,32 GB ROM,redmi,Gold,5.99,HD+,16,12,10499
444,661,6 GB RAM ,64 GB ROM,redmi,Pearl,6.39,HD+,20,48,22999
445,662,3 GB RAM ,64 GB ROM,redmi,White,6.22,HD+,8,13,9999
446,666,3 GB RAM ,32 GB ROM,Mi,White,5.15,HD,4,16,24999
447,667,2 GB RAM ,16 GB ROM,redmi,Silver,5.15,HD,5,13,6999
448,668,2 GB RAM ,16 GB ROM,redmi,Gold,5.15,HD,5,13,6999
449,669,4 GB RAM ,128 GB RO,redmi,Blue,6.53,HD+,5,13,9990
450,670,3 GB RAM ,32 GB ROM,Mi,Gold,5.15,HD,4,16,24999
451,671,4 GB RAM ,64 GB ROM,redmi,Blue,5.99,HD+,5,12,11999
452,674,3 GB RAM ,32 GB ROM,Mi,Silver,6.44,HD,5,16,14999
453,675,8 GB RAM ,128 GB RO,xiaomi,Green,6.67,AMOLED,16,108,26999
454,677,6 GB RAM ,128 GB RO,redmi,Pearl,6.39,HD+,20,48,28999
455,678,8 GB RAM ,128 GB RO,xiaomi,Pearl,6.67,AMOLED,16,108,26999
456,679,2 GB RAM ,16 GB ROM,Mi,Blue,6.67,HD,5,13,12999
457,680,4 GB RAM ,64 GB ROM,redmi,Blue,5.5,HD,5,13,12749
458,681,3 GB RAM ,32 GB ROM,Mi,Black,5.15,HD,4,16,24999
459,683,8 GB RAM ,256 GB RO,redmi,Carbon,6.39,HD+,20,48,31999
460,684,3 GB RAM ,32 GB ROM,Mi,Grey,6.44,HD,5,16,14999
461,685,6 GB RAM ,64 GB ROM,Mi,Black,6.67,HD+,16,108,21999
462,686,6 GB RAM ,128 GB RO,Mi,Gold,5.99,HD+,20,20,20500
463,687,6 GB RAM ,128 GB RO,Mi,Black,5.99,HD+,20,20,20500
464,688,2 GB RAM ,32 GB ROM,Mi,Grey,5.99,HD,5,13,14999
465,692,4 GB RAM ,64 GB ROM,redmi,Gold,5.99,HD+,16,12,13499
466,695,3 GB RAM ,32 GB ROM,redmi,Grey,5.5,HD,5,13,10649
467,696,6 GB RAM ,128 GB RO,Mi,Blue,6.08,HD+,32,48,17499
468,698,6 GB RAM ,64 GB ROM,redmi,Black,6.26,HD+,20,12,17999
469,699,6 GB RAM ,64 GB ROM,Mi,Blue,6.67,HD+,16,108,21999
470,700,6 GB RAM ,64 GB ROM,redmi,Gold,5.99,HD+,20,12,16999
471,701,6 GB RAM ,128 GB RO,redmi,White,6.67,HD+,16,48,14990
472,702,6 GB RAM ,128 GB RO,redmi,Black,6.3,HD+,13,48,15999
473,703,6 GB RAM ,128 GB RO,redmi,White,6.3,HD+,13,48,17999
474,704,4 GB RAM ,64 GB ROM,redmi,Black,6.3,HD+,13,48,15999
475,705,6 GB RAM ,128 GB RO,redmi,White,6.3,HD+,13,48,15999
476,707,2 GB RAM ,16 GB ROM,Mi,Grey,4.7,HD,5,13,12999
477,708,8 GB RAM ,128 GB RO,Mi,Silver,6.67,HD+,20,108,38849
478,709,4 GB RAM ,64 GB ROM,redmi,Gold,5.99,HD+,5,12,11999
479,710,4 GB RAM ,64 GB ROM,redmi,Blue,5.99,HD+,16,12,13999
480,711,6 GB RAM ,64 GB ROM,redmi,WHITE,6.3,HD+,13,48,16999
481,713,6 GB RAM ,64 GB ROM,redmi,Gold,6.26,HD+,20,12,17999
482,714,4 GB RAM ,64 GB ROM,redmi,Grey,5.5,HD,16,13,11999
483,715,6 GB RAM ,128 GB RO,redmi,Gold,6.67,HD+,16,48,19999
484,717,3 GB RAM ,32 GB ROM,redmi,Silver,5.99,HD,5,13,8999
485,720,3 GB RAM ,32 GB ROM,redmi,Grey,5.5,HD,5,13,8999
486,724,2 GB RAM ,16 GB ROM,Mi,Yellow,6.55,HD,5,13,12999
487,725,3 GB RAM ,32 GB ROM,redmi,Blue,6.22,HD+,8,13,8999
488,726,2 GB RAM ,16 GB ROM,Mi,White,6.22,HD,5,13,12999
489,728,3 GB RAM ,64 GB ROM,redmi,Blue,6.22,HD+,8,13,9999
490,730,3 GB RAM ,16 GB ROM,Mi,White,6.67,HD,8,13,14999
491,738,4 GB RAM ,64 GB ROM,redmi,Blue,6.26,HD+,32,12,9940
492,743,2 GB RAM ,16 GB ROM,redmi,Black,5.7,HD+,5,12,7490
493,744,6 GB RAM ,128 GB RO,redmi,Purple,6.3,HD+,13,48,15999
494,745,6 GB RAM ,128 GB RO,Mi,Black,5.99,HD+,5,12,37999
495,746,3 GB RAM ,32 GB ROM,redmi,Blue,5.99,HD,5,13,6999
496,748,2 GB RAM ,16 GB ROM,redmi,Grey,4.7,HD,2,8,6999
497,749,2 GB RAM ,16 GB ROM,redmi,White,4.7,HD,2,8,6999
498,750,2 GB RAM ,16 GB ROM,redmi,Gold,4.7,HD,5,13,5999
499,751,3 GB RAM ,32 GB ROM,redmi,Gold,5.5,HD,5,16,6990
500,752,3 GB RAM ,32 GB ROM,redmi,Grey,5.5,HD,16,13,8999
501,753,4 GB RAM ,64 GB ROM,redmi,Black,5.7,HD+,5,12,11990
502,754,8 GB RAM ,256 GB RO,Mi,Black,6.67,HD+,20,108,31990
503,755,4 GB RAM ,64 GB ROM,Mi,White,6.088,HD+,32,48,14999
504,756,3 GB RAM ,32 GB ROM,redmi,White,6.3,HD+,13,48,11990
505,757,3 GB RAM ,32 GB ROM,redmi,Black,6.3,HD+,13,48,11450
506,758,2 GB RAM ,16 GB ROM,redmi,Blue,5.7,HD+,5,12,8499
507,759,4 GB RAM ,64 GB ROM,Mi,Grey,6.088,HD+,32,48,14999
508,760,8 GB RAM ,128 GB RO,Mi,Black,6.67,HD+,16,108,24099
509,761,6 GB RAM ,128 GB RO,Mi,Black,6.67,HD+,16,108,21975
510,763,4 GB RAM ,64 GB ROM,redmi,Gold,5.7,HD+,5,12,10990
511,764,3 GB RAM ,32 GB ROM,redmi,Blue,6.3,HD+,13,48,11990
512,766,4 GB RAM ,64 GB ROM,Mi,Gold,5.5,HD,5,12,14599
513,767,4 GB RAM ,64 GB ROM,Mi,Gold,5.5,HD,5,12,14999
514,768,4 GB RAM ,64 GB ROM,Mi,Blue,6.088,HD+,32,48,14999
515,770,2 GB RAM ,16 GB ROM,redmi,Gold,5.7,HD+,5,12,8489
516,771,3 GB RAM ,32 GB ROM,redmi,Black,6.26,HD+,8,12,8799
517,773,4 GB RAM ,64 GB ROM,redmi,Gold,5.84,HD+,5,12,10725
518,777,6 GB RAM ,128 GB RO,redmi,Black,6.67,HD+,16,48,17399
519,778,4 GB RAM ,128 GB RO,redmi,Blue,6.67,HD+,16,48,13990
520,779,4 GB RAM ,64 GB ROM,redmi,Gold,6.67,HD+,16,48,13690
521,780,4 GB RAM ,128 GB RO,redmi,Gold,6.67,HD+,16,48,14640
522,782,2 GB RAM ,16 GB ROM,redmi,Grey,5.5,HD,5,13,7499
523,783,6 GB RAM ,128 GB RO,redmi,Blue,6.67,HD+,16,48,15990
524,784,4 GB RAM ,64 GB ROM,redmi,Black,6.26,HD+,32,12,10990
525,785,3 GB RAM ,32 GB ROM,redmi,Black,6.26,HD+,32,12,8999
526,787,3 GB RAM ,32 GB ROM,redmi,Gold,5.84,HD+,5,12,8990
527,789,8 GB RAM ,128 GB RO,Mi,Blue,6.67,HD+,16,108,24798
528,790,3 GB RAM ,32 GB ROM,redmi,Blue,5.84,HD+,5,12,8990
529,791,3 GB RAM ,32 GB ROM,redmi,Black,5.84,HD+,5,12,8999
530,792,4 GB RAM ,64 GB ROM,redmi,Blue,5.84,HD+,5,12,10990
531,793,3 GB RAM ,32 GB ROM,redmi,Gold,5.84,HD+,5,12,9990
532,798,4 GB RAM ,64 GB ROM,redmi,Blue,6.67,HD+,16,48,11990
533,803,128 GB RO,128 GB ROM,apple,Black,6.1,HD,12,12,45999
534,804,128 GB RO,128 GB ROM,apple,Green,6.1,XDR,12,12,61499
535,805,64 GB RO,64 GB ROM,apple,White,6.1,HD,12,12,38999
536,808,128 GB RO,128 GB ROM,apple,Purple,6.1,XDR,12,12,71999
537,809,64 GB RO,64 GB ROM,apple,Black,6.1,HD,12,12,38999
538,811,128 GB RO,128 GB ROM,apple,White,6.1,HD,12,12,45999
539,812,128 GB RO,128 GB ROM,apple,Blue,6.1,XDR,12,12,71999
540,816,128 GB RO,128 GB ROM,apple,Blue,6.7,XDR,12,12,77999
541,817,128 GB RO,128 GB ROM,apple,Purple,6.7,XDR,12,12,77999
542,821,64 GB RO,64 GB ROM,apple,Purple,6.1,XDR,12,12,53999
543,822,128 GB RO,128 GB ROM,apple,Blue,6.1,XDR,12,12,61499
544,824,128 GB RO,128 GB ROM,apple,Purple,6.1,XDR,12,12,57999
545,825,64 GB RO,64 GB ROM,apple,Black,6.1,XDR,12,12,53999
546,827,256 GB RO,256 GB ROM,apple,Purple,6.7,XDR,12,12,87999
547,828,128 GB RO,128 GB ROM,apple,Purple,6.1,XDR,12,48,123099
548,829,64 GB RO,64 GB ROM,apple,White,6.1,XDR,12,12,53999
549,830,64 GB RO,64 GB ROM,apple,Green,6.1,XDR,12,12,53999
550,833,64 GB RO,64 GB ROM,apple,Blue,6.1,XDR,12,12,53999
551,834,128 GB RO,128 GB ROM,apple,Yellow,6.7,XDR,12,12,77999
552,835,256 GB RO,256 GB ROM,apple,Blue,6.1,XDR,12,12,81999
553,836,128 GB RO,128 GB ROM,apple,Black,6.7,XDR,12,48,128099
554,839,128 GB RO,128 GB ROM,apple,Silver,6.7,XDR,12,48,128099
555,841,256 GB RO,256 GB ROM,apple,Yellow,6.7,XDR,12,12,87999
556,842,512 GB RO,512 GB ROM,apple,Silver,6.1,XDR,12,12,125999
557,844,128 GB RO,128 GB ROM,apple,Gold,6.7,XDR,12,48,128099
558,847,256 GB RO,256 GB ROM,apple,Purple,6.1,XDR,12,12,81999
559,848,128 GB RO,128 GB ROM,apple,Purple,6.7,XDR,12,48,128099
560,849,128 GB RO,128 GB ROM,apple,Yellow,6.1,XDR,12,12,72999
561,852,128 GB RO,128 GB ROM,apple,Silver,6.1,XDR,12,48,123099
562,853,128 GB RO,128 GB ROM,apple,Black,6.1,XDR,12,48,123099
563,854,256 GB RO,256 GB ROM,apple,Blue,6.7,XDR,12,12,87999
564,856,512 GB RO,512 GB ROM,apple,Blue,6.7,XDR,12,12,107999
565,858,256 GB RO,256 GB ROM,apple,Black,6.1,XDR,12,48,133099
566,860,256 GB RO,256 GB ROM,apple,Green,6.1,XDR,12,12,66999
567,861,256 GB RO,256 GB ROM,apple,Black,6.1,XDR,12,12,66999
568,864,128 GB RO,128 GB ROM,apple,Gold,6.1,XDR,12,48,123099
569,865,256 GB RO,256 GB ROM,apple,Purple,6.1,XDR,12,48,133099
570,867,512 GB RO,512 GB ROM,apple,Black,6.1,XDR,12,48,153099
571,869,256 GB RO,256 GB ROM,apple,Blue,5.4,XDR,12,12,55999
572,870,512 GB RO,512 GB ROM,apple,Blue,6.1,XDR,12,12,85499
573,872,256 GB RO,256 GB ROM,apple,Blue,6.1,XDR,12,12,66999
574,873,512 GB RO,512 GB ROM,apple,Gold,6.1,XDR,12,12,125999
575,874,256 GB RO,256 GB ROM,apple,Blue,6.1,XDR,12,12,71499
576,875,256 GB RO,256 GB ROM,apple,Silver,6.1,XDR,12,48,133099
577,879,512 GB RO,512 GB ROM,apple,Purple,6.7,XDR,12,12,107999
578,881,256 GB RO,256 GB ROM,apple,Black,5.4,XDR,12,12,55999
579,883,512 GB RO,512 GB ROM,apple,Silver,6.1,XDR,12,12,106699
580,884,1 TB RO,1 TB ROM,apple,Green,6.7,XDR,12,12,155999
581,887,512 GB RO,512 GB ROM,apple,Green,6.1,XDR,12,12,85499
582,888,256 GB RO,256 GB ROM,apple,Yellow,6.1,XDR,12,12,82999
583,889,512 GB RO,512 GB ROM,apple,Green,5.4,XDR,12,12,89999
584,890,1 TB RO,1 TB ROM,apple,Silver,6.7,XDR,12,12,155999
585,891,1 TB RO,1 TB ROM,apple,Blue,6.1,XDR,12,12,144999
586,893,512 GB RO,512 GB ROM,apple,Purple,6.1,XDR,12,48,153099
587,894,512 GB RO,512 GB ROM,apple,Purple,6.1,XDR,12,12,101999
588,897,512 GB RO,512 GB ROM,apple,Blue,6.1,XDR,12,12,101999
589,898,64 GB RO,64 GB ROM,apple,Green,6.5,XDR,12,12,95699
590,899,512 GB RO,512 GB ROM,apple,Silver,6.1,XDR,12,48,153099
591,900,256 GB RO,256 GB ROM,apple,Gold,6.1,XDR,12,48,133099
592,902,512 GB RO,512 GB ROM,apple,Gold,6.7,XDR,12,12,134999
593,903,512 GB RO,512 GB ROM,apple,Blue,6.7,XDR,12,12,134999
594,904,32 GB RO,32 GB ROM,apple,Silver,4.7,HD,5,12,29990
595,906,512 GB RO,512 GB ROM,apple,Gold,6.1,XDR,12,48,153099
596,908,64 GB RO,64 GB ROM,apple,Yellow,6.1,HD,12,12,42999
597,909,128 GB RO,128 GB ROM,apple,Purple,6.1,HD,12,12,47999
598,911,64 GB RO,64 GB ROM,apple,Green,6.1,HD,12,12,42999
599,912,256 GB RO,256 GB ROM,apple,Purple,6.7,XDR,12,48,138099
600,913,256 GB RO,256 GB ROM,apple,Green,6.1,XDR,12,12,71499
601,914,64 GB RO,64 GB ROM,apple,Black,5.4,XDR,12,12,49999
602,915,256 GB RO,256 GB ROM,apple,Silver,6.7,XDR,12,48,138099
603,917,256 GB RO,256 GB ROM,apple,Black,6.7,XDR,12,48,138099
604,920,128 GB RO,128 GB ROM,apple,Green,5.4,XDR,12,12,54999
605,921,256 GB RO,256 GB ROM,apple,White,4.7,HD,7,12,40990
606,922,128 GB RO,128 GB ROM,apple,Green,6.1,XDR,12,12,119900
607,923,64 GB RO,64 GB ROM,apple,Black,4.7,HD,7,12,28990
608,924,128 GB RO,128 GB ROM,apple,Silver,6.7,XDR,12,12,129900
609,927,1 TB RO,1 TB ROM,apple,Gold,6.7,XDR,12,12,155999
610,930,64 GB RO,64 GB ROM,apple,Grey,6.5,XDR,12,12,95699
611,931,512 GB RO,512 GB ROM,apple,Silver,6.7,XDR,12,12,134999
612,932,512 GB RO,512 GB ROM,apple,Gold,6.1,XDR,12,12,106699
613,933,32 GB RO,32 GB ROM,apple,Gold,4.7,HD,2,8,28130
614,934,16 GB RO,16 GB ROM,apple,Grey,4.7,HD,2,8,52000
615,935,512 GB RO,512 GB ROM,apple,Green,6.7,XDR,12,12,134999
616,936,64 GB RO,64 GB ROM,apple,Gold,5.5,HD,7,12,49900
617,937,1 TB RO,1 TB ROM,apple,Silver,6.1,XDR,12,48,173099
618,938,1 TB RO,1 TB ROM,apple,Green,6.1,XDR,12,12,144999
619,939,64 GB RO,64 GB ROM,apple,Grey,5.5,HD,7,12,49900
620,940,256 GB RO,256 GB ROM,apple,Gold,4.7,HD,7,12,77000
621,941,64 GB RO,64 GB ROM,apple,Gold,4.7,HD,7,12,39900
622,942,128 GB RO,128 GB ROM,apple,Gold,6.7,XDR,12,12,129900
623,943,256 GB RO,256 GB ROM,apple,Silver,4.7,HD,7,12,77000
624,944,64 GB RO,64 GB ROM,apple,Grey,6.5,HD,7,12,109900
625,945,32 GB RO,32 GB ROM,apple,Grey,4.7,HD,2,8,30780
626,946,128 GB RO,128 GB ROM,apple,Gold,6.1,XDR,12,12,119900
627,948,16 GB RO,16 GB ROM,apple,Grey,6.1,Retina,2,8,25000
628,949,32 GB RO,32 GB ROM,apple,Gold,5.5,HD,5,12,34900
629,953,64 GB RO,64 GB ROM,apple,Green,5.8,XDR,12,12,87099
630,954,256 GB RO,256 GB ROM,apple,Grey,6.5,HD,7,12,124900
631,955,64 GB RO,64 GB ROM,apple,Silver,4.7,HD,7,12,39900
632,956,256 GB RO,256 GB ROM,apple,Grey,5.5,HD,7,12,84900
633,957,512 GB RO,512 GB ROM,apple,Grey,5.8,HD,7,12,134900
634,959,256 GB RO,256 GB ROM,apple,Silver,5.5,HD,7,12,84900
635,960,256 GB RO,256 GB ROM,apple,Green,6.7,XDR,12,12,139900
636,961,1 TB RO,1 TB ROM,apple,Black,6.1,XDR,12,48,173099
637,962,64 GB RO,64 GB ROM,apple,Silver,5.5,HD,7,12,49900
638,963,512 GB RO,512 GB ROM,apple,Gold,5.8,HD,7,12,134900
639,964,256 GB RO,256 GB ROM,apple,Gold,6.5,HD,7,12,124900
640,965,1 TB RO,1 TB ROM,apple,Blue,6.7,XDR,12,12,155999
641,966,1 TB RO,1 TB ROM,apple,Gold,6.1,XDR,12,12,144999
642,967,64 GB RO,64 GB ROM,apple,White,5.4,XDR,12,12,49999
643,968,256 GB RO,256 GB ROM,apple,Blue,6.7,XDR,12,12,139900
644,969,128 GB RO,128 GB ROM,apple,Green,6.7,XDR,12,12,129900
645,972,128 GB RO,128 GB ROM,apple,Blue,5.4,XDR,12,12,54999
646,973,128 GB RO,128 GB ROM,apple,Gold,6.1,XDR,12,12,78899
647,974,1 TB RO,1 TB ROM,apple,Silver,6.7,XDR,12,48,178099
648,975,32 GB RO,32 GB ROM,apple,Black,4.7,HD,7,12,31500
649,983,256 GB RO,256 GB ROM,apple,Black,4.7,HD,7,12,40990
650,984,512 GB RO,512 GB ROM,apple,Green,6.1,XDR,12,12,125999
651,985,16 GB RO,16 GB ROM,apple,Grey,5.5,HD,2,8,39999
652,989,256 GB RO,256 GB ROM,apple,Green,5.4,XDR,12,12,71999
653,990,512 GB RO,512 GB ROM,apple,Black,6.7,XDR,12,48,158099
654,991,128 GB RO,128 GB ROM,apple,Yellow,6.1,HD,12,12,47999
655,992,512 GB RO,512 GB ROM,apple,Silver,6.7,XDR,12,48,158099
656,993,128 GB RO,128 GB ROM,apple,Black,5.4,XDR,12,12,54999
657,994,512 GB RO,512 GB ROM,apple,Yellow,6.7,XDR,12,12,107999
658,995,64 GB RO,64 GB ROM,apple,Purple,5.4,XDR,12,12,49999
659,996,128 GB RO,128 GB ROM,apple,Green,6.1,XDR,12,12,57999
660,998,32 GB RO,32 GB ROM,apple,Gold,4.7,HD,5,12,29990
661,999,256 GB RO,256 GB ROM,apple,Gold,6.1,XDR,12,12,88199
662,1000,32 GB RO,32 GB ROM,apple,Gold,4.7,HD,7,12,31500
663,1007,128 GB RO,128 GB ROM,apple,Green,6.1,HD,12,12,47999
664,1009,512 GB RO,512 GB ROM,apple,Silver,6.5,HD,7,12,144900
665,1010,256 GB RO,256 GB ROM,apple,Black,5.5,HD,7,12,85400
666,1011,256 GB RO,256 GB ROM,apple,Silver,5.8,XDR,12,12,100699
667,1012,16 GB RO,16 GB ROM,apple,Gold,5.5,HD,5,12,49999
668,1014,32 GB RO,32 GB ROM,apple,Black,4.7,HD,7,12,31500
669,1015,256 GB RO,256 GB ROM,apple,Grey,5.8,XDR,12,12,100699
670,1017,512 GB RO,512 GB ROM,apple,Grey,6.5,HD,7,12,144900
671,1018,512 GB RO,512 GB ROM,apple,Silver,5.8,XDR,12,12,140300
672,1022,512 GB RO,512 GB ROM,apple,Gold,5.8,XDR,12,12,140300
673,1027,64 GB RO,64 GB ROM,apple,Gold,5.5,HD,5,12,59999
674,1028,256 GB RO,256 GB ROM,apple,Purple,6.1,XDR,12,12,66999
675,1030,32 GB RO,32 GB ROM,apple,Grey,5.5,HD,5,12,34900
676,1033,64 GB RO,64 GB ROM,apple,Grey,4.7,HD,5,12,49999
677,1034,16 GB RO,16 GB ROM,apple,Gold,4.7,HD,5,12,31999
678,1035,128 GB RO,128 GB ROM,apple,Purple,5.4,XDR,12,12,54999
679,1036,128 GB RO,128 GB ROM,apple,Gold,4.7,HD,2,8,49999
680,1037,64 GB RO,64 GB ROM,apple,Silver,4.7,HD,5,12,49999
681,1038,512 GB RO,512 GB ROM,apple,Blue,5.4,XDR,12,12,89999
682,1040,32 GB RO,32 GB ROM,apple,Silver,5.5,HD,5,12,34900
683,1041,64 GB RO,64 GB ROM,apple,Silver,5.5,HD,5,12,59999
684,1042,128 GB RO,128 GB ROM,apple,Silver,6.1,XDR,12,12,78899
685,1043,128 GB RO,128 GB ROM,apple,White,4.7,HD,7,12,32990
686,1044,512 GB RO,512 GB ROM,apple,Blue,6.1,XDR,12,12,125999
687,1045,64 GB RO,64 GB ROM,apple,Gold,5.5,HD,5,12,59999
688,1046,256 GB RO,256 GB ROM,apple,Silver,6.1,XDR,12,12,129900
689,1047,64 GB RO,64 GB ROM,apple,Purple,6.1,HD,12,12,42999
690,1049,32 GB RO,32 GB ROM,apple,Black,5.488,HD,7,12,37900
691,1050,256 GB RO,256 GB ROM,apple,Grey,6.5,XDR,12,12,131900
692,1053,512 GB RO,512 GB ROM,apple,Gold,6.5,HD,7,12,144900
693,1054,16 GB RO,16 GB ROM,apple,Silver,4.7,HD,2,8,36990
694,1055,64 GB RO,64 GB ROM,apple,Silver,6.5,HD,7,12,109900
695,1056,32 GB RO,32 GB ROM,apple,Gold,5.5,HD,5,12,34900
696,1057,64 GB RO,64 GB ROM,apple,Gold,4.7,HD,5,12,49999
697,1058,16 GB RO,16 GB ROM,apple,Gold,5.5,HD,5,12,49999
698,1059,16 GB RO,16 GB ROM,apple,Silver,4.7,HD,5,12,41999
699,1060,128 GB RO,128 GB ROM,apple,Gold,4.7,HD,5,12,55999
700,1062,128 GB RO,128 GB ROM,apple,White,4.7,HD,7,12,32990
701,1063,256 GB RO,256 GB ROM,apple,Black,5.5,HD,7,12,85400
702,1064,64 GB RO,64 GB ROM,apple,White,4.7,HD,7,12,28990
703,1065,256 GB RO,256 GB ROM,apple,Black,4.7,HD,7,12,40990
704,1066,256 GB RO,256 GB ROM,apple,Blue,6.1,XDR,12,12,129900
705,1067,64 GB RO,64 GB ROM,apple,Green,5.4,XDR,12,12,49999
706,1069,128 GB RO,128 GB ROM,apple,Silver,4.7,HD,5,12,55999
707,1070,128 GB RO,128 GB ROM,apple,Blue,5.4,XDR,12,12,61999
708,1073,256 GB RO,256 GB ROM,apple,Silver,6.5,XDR,12,12,131900
709,1074,64 GB RO,64 GB ROM,apple,Grey,4.7,HD,2,8,44999
710,1077,512 GB RO,512 GB ROM,apple,Yellow,6.1,XDR,12,12,102999
711,1078,16 GB RO,16 GB ROM,apple,Gold,4.7,HD,5,12,41999
712,1079,256 GB RO,256 GB ROM,apple,Gold,6.5,XDR,12,12,131900
713,1080,256 GB RO,256 GB ROM,apple,White,6.1,XDR,12,12,66999
714,1081,32 GB RO,32 GB ROM,apple,Gold,4.7,HD,5,12,29990
715,1082,64 GB RO,64 GB ROM,apple,Gold,5.8,XDR,12,12,87099
716,1084,256 GB RO,256 GB ROM,apple,White,5.4,XDR,12,12,55999
717,1085,256 GB RO,256 GB ROM,apple,Green,6.1,XDR,12,12,129900
718,1087,512 GB RO,512 GB ROM,apple,Gold,6.7,XDR,12,48,158099
719,1089,128 GB RO,128 GB ROM,apple,Gold,4.7,HD,5,12,55999
720,1092,128 GB RO,128 GB ROM,apple,Black,4.7,HD,7,12,34900
721,1096,256 GB RO,256 GB ROM,apple,Grey,5.8,HD,7,12,103900
722,1098,128 GB RO,128 GB ROM,apple,White,6.1,XDR,12,12,57999
723,1099,128 GB RO,128 GB ROM,apple,Black,4.7,HD,7,12,32990
724,1100,256 GB RO,256 GB ROM,apple,Purple,5.4,XDR,12,12,55999
725,1103,256 GB RO,256 GB ROM,apple,Green,6.5,XDR,12,12,101999
726,1104,256 GB RO,256 GB ROM,apple,Gold,5.5,HD,7,12,85400
727,1106,32 GB RO,32 GB ROM,apple,White,4.7,Retina,2,8,53500
728,1108,128 GB RO,128 GB ROM,apple,White,5.4,XDR,12,12,54999
729,1109,8 GB RO,8 GB ROM,apple,Blue,5.4,Retina,2,8,14999
730,1110,8 GB RO,8 GB ROM,apple,White,5.4,Retina,2,8,14999
731,1112,256 GB RO,256 GB ROM,apple,Silver,4.7,HD,7,12,74400
732,1113,128 GB RO,128 GB ROM,apple,Gold,5.488,HD,7,12,42900
733,1115,128 GB RO,128 GB ROM,apple,Gold,4.7,HD,7,12,34900
734,1117,64 GB RO,64 GB ROM,apple,Silver,5.5,HD,2,8,48999
735,1120,64 GB RO,64 GB ROM,apple,Grey,4.7,HD,7,12,39900
736,1122,512 GB RO,512 GB ROM,apple,Grey,6.5,XDR,12,12,150800
737,1123,512 GB RO,512 GB ROM,apple,Blue,6.1,XDR,12,12,106699
738,1124,64 GB RO,64 GB ROM,apple,Gold,6.5,HD,7,12,109900
739,1125,256 GB RO,256 GB ROM,apple,Gold,4.7,HD,7,12,74400
740,1128,256 GB RO,256 GB ROM,apple,Silver,5.8,HD,7,12,103900
741,1138,1 TB RO,1 TB ROM,apple,Purple,6.7,XDR,12,48,178099
742,1144,512 GB RO,512 GB ROM,apple,Silver,5.8,HD,7,12,134900
743,1145,256 GB RO,256 GB ROM,apple,White,4.7,HD,7,12,40990
744,1147,128 GB RO,128 GB ROM,apple,Grey,5.5,HD,5,12,92000
745,1148,256 GB RO,256 GB ROM,apple,Gold,5.5,HD,7,12,85400
746,1149,128 GB RO,128 GB ROM,apple,Black,4.7,HD,7,12,32990
747,1150,128 GB RO,128 GB ROM,apple,Silver,4.7,HD,7,12,34900
748,1153,128 GB RO,128 GB ROM,apple,Grey,4.7,HD,5,12,82000
749,1154,8 GB RO,8 GB ROM,apple,Yellow,4.7,Retina,2,8,37500
750,1155,256 GB RO,256 GB ROM,apple,Gold,4.7,HD,7,12,74400
751,1158,128 GB RO,128 GB ROM,apple,Blue,6.1,XDR,12,12,119900
752,1159,32 GB RO,32 GB ROM,apple,Gold,5.488,HD,7,12,37900
753,1160,128 GB RO,128 GB ROM,apple,Gold,5.488,HD,7,12,42900
754,1161,128 GB RO,128 GB ROM,apple,Gold,5.5,HD,5,12,70000
755,1163,64 GB RO,64 GB ROM,apple,Gold,5.8,HD,7,12,89900
756,1164,256 GB RO,256 GB ROM,apple,Black,4.7,HD,7,12,74400
757,1166,16 GB RO,16 GB ROM,apple,Grey,5.5,HD,5,12,72000
758,1167,64 GB RO,64 GB ROM,apple,Silver,5.8,XDR,12,12,106600
759,1169,128 GB RO,128 GB ROM,apple,Blue,6.7,XDR,12,12,129900
760,1170,128 GB RO,128 GB ROM,apple,Gold,6.7,XDR,12,12,95599
761,1171,256 GB RO,256 GB ROM,apple,Gold,5.8,XDR,12,12,121300
762,1172,512 GB RO,512 GB ROM,apple,Purple,6.7,XDR,12,48,158099
763,1175,512 GB RO,512 GB ROM,apple,Gold,6.7,XDR,12,12,123299
764,1177,128 GB RO,128 GB ROM,apple,Grey,5.5,HD,2,8,80500
765,1178,64 GB RO,64 GB ROM,apple,Gold,5.5,HD,2,8,71500
766,1179,64 GB RO,64 GB ROM,apple,Silver,5.8,HD,7,12,91900
767,1181,256 GB RO,256 GB ROM,apple,Silver,5.8,HD,7,12,106900
768,1183,128 GB RO,128 GB ROM,apple,Black,6.1,XDR,12,12,57999
769,1213,1 TB RO,1 TB ROM,apple,Gold,6.7,XDR,12,48,178099
770,1215,64 GB RO,64 GB ROM,apple,Gold,4.7,HD,2,8,62500
771,1217,256 GB RO,256 GB ROM,apple,Gold,6.1,XDR,12,12,129900
772,1218,128 GB RO,128 GB ROM,apple,Silver,5.5,HD,2,8,48999
773,1227,256 GB RO,256 GB ROM,apple,Silver,6.7,XDR,12,12,129900
774,1229,128 GB RO,128 GB ROM,apple,Silver,6.7,XDR,12,12,95599
775,1230,256 GB RO,256 GB ROM,apple,Black,4.7,HD,7,12,74400
776,1234,16 GB RO,16 GB ROM,apple,Grey,4.7,HD,5,12,62000
777,1236,128 GB RO,128 GB ROM,apple,Blue,6.1,XDR,12,12,78899
778,1237,128 GB RO,128 GB ROM,apple,Gold,5.5,HD,2,8,80500
779,1243,512 GB RO,512 GB ROM,apple,Blue,6.7,XDR,12,12,123299
780,1246,128 GB RO,128 GB ROM,apple,Blue,6.1,XDR,12,12,57999
781,1302,8 GB RAM ,256 GB RO,oneplus,Blue,6.67,HD+,16,48,45999
782,1339,8 GB RAM ,128 GB RO,oneplus,Green,6.78,HD+,16,48,54999
783,1354,12 GB RAM ,256 GB RO,oneplus,Green,6.78,HD+,16,48,59990
784,1358,6 GB RAM ,64 GB ROM,oneplus,Blue,6.44,HD+,32,48,24999
785,1359,12 GB RAM ,256 GB RO,oneplus,Blue,6.44,HD+,32,48,29999
786,1361,8 GB RAM ,128 GB RO,oneplus,Blue,6.44,HD+,32,48,27999
787,1367,12 GB RAM ,256 GB RO,oneplus,Black,6.78,HD+,16,48,49990
788,1368,8 GB RAM ,128 GB RO,oneplus,Black,6.78,HD+,16,48,45999
789,1376,4 GB RAM ,64 GB ROM,redmi,Blue,6.7,HD+,5,50,9499
790,1377,4 GB RAM ,64 GB ROM,redmi,Black,6.7,HD+,5,50,9499
791,1378,4 GB RAM ,64 GB ROM,redmi,Black,6.7,HD+,5,50,9499
792,1379,4 GB RAM ,64 GB ROM,redmi,Orange,6.7,HD+,5,50,9499
793,1380,4 GB RAM ,64 GB ROM,redmi,Green,6.7,HD+,5,50,9499
794,1381,8 GB RAM ,128 GB RO,vivo,Blue,6.7,AMOLED,50,50,32999
795,1382,8 GB RAM ,128 GB RO,vivo,Black,6.7,AMOLED,50,50,32999
796,1387,4 GB RAM ,64 GB ROM,vivo,Blue,6.58,HD+,8,50,11999
797,1388,4 GB RAM ,64 GB ROM,vivo,Black,6.58,HD+,8,50,11999
798,1389,4 GB RAM ,128 GB RO,vivo,Black,6.58,HD+,8,50,12999
799,1391,6 GB RAM ,128 GB RO,vivo,Black,6.58,HD+,8,50,14999
800,1392,4 GB RAM ,128 GB RO,vivo,Blue,6.58,HD+,8,50,12999
801,1393,6 GB RAM ,128 GB RO,vivo,Blue,6.58,HD+,8,50,14999
802,1394,3 GB RAM ,64 GB ROM,oppo,Blue,6.56,HD+,5,8,9499
803,1395,3 GB RAM ,64 GB ROM,oppo,Gold,6.56,HD+,5,8,9499
804,1396,6 GB RAM ,128 GB RO,redmi,Black,6.7,HD+,5,50,11999
805,1401,4 GB RAM ,64 GB ROM,oppo,Orange,6.56,HD+,5,50,12499
806,1402,4 GB RAM ,64 GB ROM,oppo,Black,6.56,HD+,5,50,12499
807,1403,6 GB RAM ,128 GB RO,redmi,Purple,6.67,HD,16,50,24999
808,1404,3 GB RAM ,64 GB ROM,oppo,Blue,6.56,HD+,5,8,9499
809,1405,6 GB RAM ,128 GB RO,redmi,Green,6.7,HD+,5,50,11999
810,1408,8 GB RAM ,256 GB RO,redmi,Blue,6.67,HD,16,50,27999
811,1410,6 GB RAM ,128 GB RO,redmi,Blue,6.67,HD,16,50,24999
812,1412,6 GB RAM ,128 GB RO,redmi,Black,6.67,HD,16,50,24999
813,1413,8 GB RAM ,256 GB RO,redmi,Black,6.67,HD,16,50,27999
814,1414,8 GB RAM ,256 GB RO,redmi,Blue,6.67,HD+,16,200,29999
815,1415,8 GB RAM ,256 GB RO,redmi,Purple,6.67,HD,16,50,27999
816,1416,6 GB RAM ,128 GB RO,redmi,Blue,6.7,HD+,5,50,11999
817,1417,3 GB RAM ,32 GB ROM,vivo,Green,6.51,HD+,8,13,9499
818,1418,12 GB RAM ,256 GB RO,redmi,Black,6.67,HD+,16,200,32999
819,1419,3 GB RAM ,32 GB ROM,vivo,Grey,6.51,HD+,5,8,8999
820,1420,6 GB RAM ,64 GB ROM,redmi,White,6.43,AMOLED,13,64,12999
821,1421,6 GB RAM ,128 GB RO,oppo,Gold,6.43,HD+,16,48,15990
822,1422,3 GB RAM ,32 GB ROM,vivo,Blue,6.51,HD+,5,8,8999
823,1433,4 GB RAM ,64 GB ROM,oppo,Blue,6.56,HD+,5,50,12599
824,1442,8 GB RAM ,128 GB RO,vivo,Black,6.58,HD+,16,50,18499
825,1443,8 GB RAM ,128 GB RO,oppo,Black,6.7,HD+,32,108,29999
826,1444,8 GB RAM ,128 GB RO,oppo,Gold,6.7,HD+,32,108,29999
827,1445,8 GB RAM ,128 GB RO,vivo,Black,6.58,HD+,16,50,18990
828,1446,8 GB RAM ,128 GB RO,vivo,Gold,6.58,HD+,16,50,18499
829,1447,4 GB RAM ,64 GB ROM,vivo,Green,6.55,HD+,8,50,14499
830,1448,4 GB RAM ,64 GB ROM,vivo,Blue,6.55,HD+,8,50,14499
831,1449,4 GB RAM ,64 GB ROM,vivo,Black,6.51,HD+,5,13,12499
832,1452,8 GB RAM ,128 GB RO,oppo,Orange,6.56,HD+,8,50,17999
833,1454,6 GB RAM ,128 GB RO,vivo,Green,6.55,HD+,8,50,16499
834,1456,6 GB RAM ,128 GB RO,oppo,Blue,6.43,HD+,16,48,14990
835,1457,3 GB RAM ,64 GB ROM,vivo,Black,6.51,HD+,5,13,10999
836,1458,3 GB RAM ,32 GB ROM,vivo,Black,6.51,HD+,5,13,9999
837,1459,3 GB RAM ,64 GB ROM,vivo,Gold,6.51,HD+,5,13,10928
838,1460,6 GB RAM ,128 GB RO,vivo,Blue,6.55,HD+,8,50,16499
839,1466,6 GB RAM ,128 GB RO,oppo,Black,6.43,HD+,16,48,14990
840,1467,8 GB RAM ,128 GB RO,vivo,Black,6.44,AMOLED,16,64,24999
841,1468,4 GB RAM ,64 GB ROM,vivo,Gold,6.51,HD+,5,13,12499
842,1470,8 GB RAM ,128 GB RO,oppo,Black,6.56,HD+,8,50,17999
843,1471,4 GB RAM ,64 GB ROM,redmi,Green,6.53,HD+,5,13,7699
844,1472,8 GB RAM ,128 GB RO,redmi,Black,6.43,AMOLED,13,64,16499
845,1474,8 GB RAM ,128 GB RO,vivo,Black,6.58,HD+,16,50,19999
846,1476,2 GB RAM ,32 GB ROM,redmi,Blue,6.52,HD+,5,8,7499
847,1477,8 GB RAM ,128 GB RO,oppo,Black,6.43,HD,32,50,29999
848,1478,8 GB RAM ,128 GB RO,oppo,Gold,6.43,HD,32,50,29999
849,1479,6 GB RAM ,128 GB RO,redmi,Green,6.53,HD+,5,13,11499
850,1490,3 GB RAM ,32 GB ROM,vivo,Blue,6.51,HD+,8,13,9499
851,1492,12 GB RAM ,256 GB RO,vivo,Blue,6.43,AMOLED,50,50,36999
852,1498,6 GB RAM ,128 GB RO,oppo,Black,6.43,HD+,16,48,16990
853,1502,12 GB RAM ,256 GB RO,redmi,Blue,6.67,HD+,16,200,32999
854,1503,8 GB RAM ,128 GB RO,vivo,Black,6.58,HD+,16,50,17990
855,1504,8 GB RAM ,128 GB RO,oppo,Black,6.43,HD+,16,48,17990
856,1505,2 GB RAM ,32 GB ROM,redmi,Black,6.52,HD+,5,8,7499
857,1506,8 GB RAM ,256 GB RO,redmi,Black,6.67,HD+,16,200,29999
858,1508,8 GB RAM ,128 GB RO,vivo,Blue,6.78,HD+,50,50,37999
859,1509,8 GB RAM ,128 GB RO,vivo,Orange,6.58,HD+,16,50,19999
860,1510,8 GB RAM ,128 GB RO,vivo,Orange,6.58,HD+,16,50,19943
861,1511,6 GB RAM ,128 GB RO,redmi,Green,6.56,HD+,8,48,14999
862,1512,3 GB RAM ,32 GB ROM,redmi,Blue,6.52,HD+,5,8,8499
863,1514,4 GB RAM ,64 GB ROM,redmi,Carbon,6.53,HD+,5,13,9200
864,1515,2 GB RAM ,32 GB ROM,vivo,Blue,6.51,HD+,5,8,7999
865,1518,12 GB RAM ,256 GB RO,vivo,Black,6.78,HD+,50,50,42999
866,1519,3 GB RAM ,32 GB ROM,redmi,Green,6.52,HD+,5,8,8499
867,1520,12 GB RAM ,256 GB RO,vivo,Blue,6.78,HD+,50,50,42999
868,1521,4 GB RAM ,64 GB ROM,oppo,Gold,6.56,HD+,8,13,13999
869,1524,8 GB RAM ,128 GB RO,vivo,Black,6.58,HD+,16,50,19990
870,1527,8 GB RAM ,256 GB RO,vivo,Blue,6.78,HD+,50,50,39999
871,1528,8 GB RAM ,256 GB RO,vivo,Black,6.78,HD+,50,50,39999
872,1531,4 GB RAM ,64 GB ROM,oppo,Blue,6.56,HD+,5,50,12198
873,1532,8 GB RAM ,128 GB RO,oppo,Gold,6.43,AMOLED,16,64,24634
874,1533,8 GB RAM ,128 GB RO,redmi,White,6.43,AMOLED,13,64,16499
875,1534,8 GB RAM ,128 GB RO,oppo,Blue,6.56,HD+,8,48,25999
876,1535,6 GB RAM ,128 GB RO,redmi,Black,6.53,HD+,13,48,14999
877,1536,4 GB RAM ,64 GB ROM,oppo,Blue,6.56,HD+,8,50,15499
878,1538,2 GB RAM ,32 GB ROM,vivo,Blue,6.51,HD+,5,8,8190
879,1540,3 GB RAM ,32 GB ROM,redmi,Black,6.52,HD+,5,8,8499
880,1541,3 GB RAM ,32 GB ROM,oppo,White,6.52,HD+,5,13,9990
881,1542,8 GB RAM ,128 GB RO,vivo,Black,6.78,HD+,50,50,37999
882,1544,6 GB RAM ,128 GB RO,oppo,Black,6.59,HD+,16,50,13990
883,1545,6 GB RAM ,128 GB RO,oppo,Blue,6.59,HD+,16,50,13990
884,1546,8 GB RAM ,128 GB RO,oppo,Black,6.43,AMOLED,16,64,24999
885,1551,4 GB RAM ,128 GB RO,vivo,Pearl,6.58,HD+,8,50,15499
886,1552,2 GB RAM ,32 GB ROM,vivo,Black,6.51,HD+,5,8,7999
887,1553,8 GB RAM ,128 GB RO,redmi,Purple,6.67,HD,16,50,26999
888,1555,3 GB RAM ,32 GB ROM,oppo,Black,6.52,HD+,5,13,9990
889,1556,3 GB RAM ,32 GB ROM,oppo,Blue,6.22,HD+,5,13,9990
890,1557,8 GB RAM ,128 GB RO,vivo,Black,6.58,HD+,16,50,19990
891,1560,4 GB RAM ,64 GB ROM,oppo,Black,6.56,HD+,8,13,13999
892,1561,6 GB RAM ,64 GB ROM,redmi,White,6.43,HD+,13,64,11999
893,1563,4 GB RAM ,128 GB RO,oppo,Orange,6.56,HD+,8,50,15999
894,1564,4 GB RAM ,128 GB RO,oppo,Blue,6.56,HD+,8,50,15999
895,1566,6 GB RAM ,128 GB RO,redmi,Grey,6.53,HD+,13,48,14999
896,1567,4 GB RAM ,64 GB ROM,vivo,Blue,6.51,HD+,8,13,13989
897,1568,4 GB RAM ,128 GB RO,oppo,Blue,6.51,HD+,16,50,13999
898,1569,4 GB RAM ,128 GB RO,oppo,Green,6.51,HD+,16,50,13999
899,1570,4 GB RAM ,128 GB RO,vivo,Blue,6.58,HD+,8,50,15499
900,1571,4 GB RAM ,64 GB ROM,oppo,Green,6.56,HD+,8,13,13999
901,1577,3 GB RAM ,32 GB ROM,vivo,Green,6.51,HD+,8,13,9499
902,1578,12 GB RAM ,256 GB RO,redmi,White,6.67,HD+,16,200,32999
903,1580,4 GB RAM ,64 GB ROM,oppo,Blue,6.22,HD+,5,13,10990
904,1583,6 GB RAM ,128 GB RO,redmi,White,6.5,HD,8,50,14999
905,1586,6 GB RAM ,128 GB RO,redmi,Purple,6.53,HD+,5,13,11499
906,1587,8 GB RAM ,128 GB RO,vivo,Gold,6.44,AMOLED,44,50,24999
907,1590,6 GB RAM ,128 GB RO,redmi,Carbon,6.53,HD+,5,13,11499
908,1591,8 GB RAM ,128 GB RO,oppo,Black,6.43,HD+,32,64,20950
909,1592,12 GB RAM ,256 GB RO,vivo,Black,6.78,HD,32,50,79999
910,1594,6 GB RAM ,128 GB RO,redmi,Black,6.5,HD,8,50,14999
911,1597,4 GB RAM ,64 GB ROM,oppo,Silver,6.22,HD+,5,13,10990
912,1598,6 GB RAM ,128 GB RO,oppo,Black,6.51,HD+,16,50,15999
913,1599,4 GB RAM ,128 GB RO,oppo,Black,6.51,HD+,16,50,13999
914,1626,8 GB RAM ,128 GB RO,oppo,Gold,6.43,HD+,32,64,21890
915,1629,8 GB RAM ,128 GB RO,vivo,Black,6.78,HD+,32,50,54999
916,1630,6 GB RAM ,128 GB RO,oppo,Blue,6.56,HD+,8,13,16490
917,1631,8 GB RAM ,128 GB RO,oppo,Silver,6.43,HD+,16,48,17990
918,1632,4 GB RAM ,64 GB ROM,redmi,Carbon,6.53,HD+,5,13,8989
919,1633,6 GB RAM ,128 GB RO,vivo,Black,6.58,HD+,16,50,16990
920,1635,8 GB RAM ,128 GB RO,oppo,Black,6.56,HD+,8,48,16999
921,1636,4 GB RAM ,64 GB ROM,vivo,Blue,6.51,HD+,8,13,13450
922,1637,4 GB RAM ,64 GB ROM,vivo,Blue,6.51,HD+,8,13,12895
923,1638,6 GB RAM ,128 GB RO,oppo,Black,6.51,HD+,16,50,14900
924,1639,4 GB RAM ,64 GB ROM,oppo,White,6.52,HD+,5,13,10990
925,1640,8 GB RAM ,256 GB RO,vivo,Blue,6.44,HD+,44,64,28490
926,1641,6 GB RAM ,128 GB RO,redmi,Blue,6.5,HD,8,50,14999
927,1642,4 GB RAM ,128 GB RO,vivo,Black,6.58,HD+,16,50,15990
928,1643,8 GB RAM ,128 GB RO,oppo,Black,6.59,HD+,16,50,16990
929,1644,4 GB RAM ,64 GB ROM,oppo,Green,6.51,HD+,16,50,13499
930,1646,4 GB RAM ,64 GB ROM,redmi,White,6.56,HD+,8,48,12999
931,1648,8 GB RAM ,128 GB RO,vivo,Black,6.44,HD+,16,64,19990
932,1649,8 GB RAM ,256 GB RO,oppo,Purple,6.8,HD+,32,50,89999
933,1651,8 GB RAM ,128 GB RO,vivo,Gold,6.56,HD+,50,108,38990
934,1654,8 GB RAM ,128 GB RO,vivo,Black,6.44,HD+,50,64,30989
935,1655,8 GB RAM ,128 GB RO,vivo,Black,6.44,HD+,50,64,27999
936,1656,4 GB RAM ,64 GB ROM,oppo,Black,6.52,HD+,8,13,12990
937,1657,4 GB RAM ,64 GB ROM,redmi,Green,6.53,HD+,5,13,7499
938,1658,6 GB RAM ,128 GB RO,redmi,White,6.56,HD+,8,48,14999
939,1660,4 GB RAM ,128 GB RO,oppo,Black,6.51,HD+,16,50,13998
940,1661,3 GB RAM ,32 GB ROM,oppo,Black,6.52,HD+,5,13,9490
941,1662,6 GB RAM ,128 GB RO,oppo,Black,6.5,HD+,8,12,14100
942,1663,3 GB RAM ,32 GB ROM,oppo,Blue,6.52,HD+,5,13,9780
943,1664,4 GB RAM ,128 GB RO,redmi,Black,6.53,HD+,13,48,14819
944,1666,3 GB RAM ,32 GB ROM,oppo,Black,6.52,HD+,5,13,9490
945,1667,4 GB RAM ,64 GB ROM,redmi,Green,6.53,HD+,13,48,12990
946,1668,4 GB RAM ,64 GB ROM,redmi,Black,6.53,HD+,13,48,11999
947,1669,6 GB RAM ,64 GB ROM,redmi,Purple,6.43,HD+,13,64,11999
948,1670,8 GB RAM ,128 GB RO,vivo,Blue,6.44,HD+,50,64,29900
949,1672,12 GB RAM ,256 GB RO,vivo,Blue,6.44,HD+,50,64,31999
950,1674,8 GB RAM ,128 GB RO,vivo,Black,6.56,HD+,50,108,38990
951,1676,6 GB RAM ,128 GB RO,oppo,Blue,6.51,HD+,16,13,15990
952,1679,3 GB RAM ,64 GB ROM,vivo,Green,6.51,HD+,8,13,13990
953,1682,4 GB RAM ,64 GB ROM,oppo,Black,6.56,HD+,8,13,13885
954,1683,3 GB RAM ,32 GB ROM,oppo,Black,6.5,HD+,8,13,10490
955,1685,4 GB RAM ,128 GB RO,oppo,Blue,6.51,HD+,16,13,14380
956,1686,4 GB RAM ,64 GB ROM,vivo,Blue,6.51,HD+,8,13,14900
957,1687,4 GB RAM ,64 GB ROM,redmi,Green,6.56,HD+,8,48,12999
958,1689,6 GB RAM ,64 GB ROM,redmi,Black,6.43,AMOLED,13,64,13690
959,1690,6 GB RAM ,128 GB RO,redmi,White,6.43,AMOLED,13,64,16499
960,1692,12 GB RAM ,256 GB RO,oppo,Black,6.5,AMOLED,32,50,34999
961,1693,4 GB RAM ,64 GB ROM,oppo,Green,6.56,HD+,8,13,13989
962,1694,8 GB RAM ,128 GB RO,vivo,Blue,6.44,HD+,50,64,27999
963,1697,8 GB RAM ,256 GB RO,oppo,Black,6.8,HD+,32,50,89999
964,1698,6 GB RAM ,128 GB RO,oppo,Black,6.56,HD+,8,13,16490
965,1699,6 GB RAM ,128 GB RO,oppo,Black,6.51,HD+,16,13,13250
966,1701,8 GB RAM ,256 GB RO,oppo,Black,6.43,HD,32,64,25999
967,1705,6 GB RAM ,128 GB RO,oppo,Black,6.52,HD+,8,13,15990
968,1707,12 GB RAM ,256 GB RO,oppo,Blue,6.5,AMOLED,32,50,34999
969,1710,4 GB RAM ,128 GB RO,oppo,Blue,6.51,HD+,16,13,14379
970,1711,8 GB RAM ,128 GB RO,redmi,Black,6.53,HD+,20,64,19999
971,1722,8 GB RAM ,128 GB RO,oppo,Black,6.43,HD+,32,64,20990
972,1723,8 GB RAM ,128 GB RO,vivo,Blue,6.56,HD+,32,64,35999
973,1724,4 GB RAM ,128 GB RO,redmi,Green,6.53,HD+,5,13,9299
974,1726,4 GB RAM ,64 GB ROM,redmi,Black,6.56,HD+,8,48,12390
975,1727,4 GB RAM ,64 GB ROM,vivo,Pearl,6.3,HD+,24,16,23990
976,1728,8 GB RAM ,256 GB RO,oppo,Black,6.43,HD+,16,48,22999
977,1729,8 GB RAM ,128 GB RO,oppo,Purple,6.43,HD+,16,48,19490
978,1730,8 GB RAM ,256 GB RO,oppo,Silver,6.43,HD+,16,48,22990
979,1731,6 GB RAM ,128 GB RO,redmi,White,6.53,HD+,13,48,18999
980,1733,3 GB RAM ,32 GB ROM,vivo,Purple,6.22,HD+,8,13,10990
981,1734,12 GB RAM ,256 GB RO,vivo,Black,6.78,HD+,32,50,61799
982,1735,8 GB RAM ,128 GB RO,vivo,Pearl,6.44,HD+,32,64,19999
983,1736,4 GB RAM ,64 GB ROM,vivo,Black,6.53,HD+,32,16,15990
984,1744,6 GB RAM ,128 GB RO,oppo,Orange,6.44,HD+,16,16,18500
985,1745,4 GB RAM ,64 GB ROM,redmi,Black,6.53,HD+,8,13,10499
986,1746,4 GB RAM ,64 GB ROM,oppo,Pearl,6.52,HD+,8,13,12799
987,1747,3 GB RAM ,32 GB ROM,vivo,Black,6.1,HD+,5,13,13990
988,1748,3 GB RAM ,32 GB ROM,vivo,Black,6.22,HD+,8,13,10990
989,1749,6 GB RAM ,64 GB ROM,redmi,Black,6.67,HD+,32,64,18999
990,1751,3 GB RAM ,64 GB ROM,vivo,Blue,6.51,HD+,8,13,15490
991,1754,6 GB RAM ,64 GB ROM,vivo,Black,6.53,HD+,32,12,26990
992,1755,4 GB RAM ,64 GB ROM,vivo,Blue,6.51,HD+,8,13,16990
993,1757,3 GB RAM ,16 GB ROM,oppo,Black,5.2,HD,5,13,13490
994,1758,6 GB RAM ,128 GB RO,vivo,Black,6.28,HD+,12,12,36990
995,1759,8 GB RAM ,128 GB RO,vivo,Black,6.44,HD+,16,64,18997
996,1760,8 GB RAM ,128 GB RO,vivo,Silver,6.44,HD+,32,48,30990
997,1761,8 GB RAM ,128 GB RO,redmi,Blue,6.53,HD+,20,64,19999
998,1762,3 GB RAM ,32 GB ROM,oppo,Black,6.52,HD+,5,13,10990
999,1764,6 GB RAM ,64 GB ROM,redmi,Blue,6.53,HD+,20,64,16999
1000,1765,3 GB RAM ,32 GB ROM,vivo,Gold,5.5,HD,16,13,14990
1001,1766,4 GB RAM ,32 GB ROM,vivo,Black,6.3,HD+,16,16,19990
1002,1767,3 GB RAM ,64 GB ROM,vivo,Blue,6.35,HD+,8,13,10999
1003,1769,8 GB RAM ,128 GB RO,oppo,Blue,6.56,HD+,8,50,18980
1004,1770,6 GB RAM ,128 GB RO,vivo,Blue,6.39,HD+,32,48,32990
1005,1772,4 GB RAM ,64 GB ROM,oppo,Gold,5.5,HD,16,13,20990
1006,1773,6 GB RAM ,128 GB RO,oppo,Gold,6.51,HD+,16,13,15999
1007,1776,4 GB RAM ,64 GB ROM,redmi,Black,6.53,HD+,8,48,11499
1008,1784,6 GB RAM ,128 GB RO,oppo,Cream,6.5,HD+,16,13,13990
1009,1785,12 GB RAM ,256 GB RO,vivo,Black,6.78,HD+,32,50,61999
1010,1792,8 GB RAM ,128 GB RO,vivo,Black,6.56,HD+,32,48,34990
1011,1797,6 GB RAM ,64 GB ROM,redmi,Gold,6.67,HD+,32,64,18999
1012,1801,6 GB RAM ,64 GB ROM,vivo,Blue,6.38,HD+,32,16,20990
1013,1802,6 GB RAM ,128 GB RO,redmi,White,6.67,HD+,32,64,20999
1014,1803,8 GB RAM ,128 GB RO,vivo,Purple,6.38,HD+,32,48,24990
1015,1804,6 GB RAM ,64 GB ROM,vivo,Purple,6.38,HD+,32,48,19990
1016,1805,4 GB RAM ,64 GB ROM,oppo,Gold,6.38,HD,16,16,30990
1017,1808,6 GB RAM ,128 GB RO,redmi,White,6.53,HD+,20,64,17999
1018,1809,6 GB RAM ,64 GB ROM,redmi,White,6.53,HD+,20,64,16999
1019,1815,4 GB RAM ,64 GB ROM,vivo,Black,6.22,HD+,20,13,18990
1020,1816,6 GB RAM ,64 GB ROM,vivo,Black,6.41,HD+,25,12,28990
1021,1817,8 GB RAM ,128 GB RO,vivo,Black,6.44,HD+,32,48,32990
1022,1818,6 GB RAM ,128 GB RO,oppo,Black,6.5,HD+,16,48,29990
1023,1819,4 GB RAM ,128 GB RO,oppo,White,6.4,HD+,16,48,20990
1024,1820,8 GB RAM ,128 GB RO,oppo,Black,6.4,HD+,16,48,22990
1025,1821,4 GB RAM ,128 GB RO,oppo,Blue,6.4,HD+,16,48,20990
1026,1822,8 GB RAM ,128 GB RO,oppo,Blue,6.4,HD+,16,48,22990
1027,1823,4 GB RAM ,128 GB RO,oppo,Black,6.4,HD+,16,48,20990
1028,1824,4 GB RAM ,64 GB ROM,oppo,Black,6.2,HD+,8,13,15990
1029,1827,3 GB RAM ,32 GB ROM,oppo,Blue,6.2,HD+,8,13,13990
1030,1828,2 GB RAM ,32 GB ROM,oppo,Blue,6.2,HD+,8,13,12990
1031,1829,4 GB RAM ,64 GB ROM,oppo,Green,6.2,HD+,8,13,15990
1032,1830,8 GB RAM ,128 GB RO,oppo,White,6.4,HD+,16,48,22990
1033,1831,6 GB RAM ,64 GB ROM,redmi,Black,6.53,HD+,20,64,16999
1034,1832,4 GB RAM ,64 GB ROM,vivo,Blue,6.35,HD+,16,13,15990
1035,1834,6 GB RAM ,128 GB RO,redmi,Green,6.53,HD+,8,48,13990
1036,1836,6 GB RAM ,64 GB ROM,vivo,Black,6.51,HD+,8,13,17990
1037,1838,4 GB RAM ,64 GB ROM,redmi,Grey,6.53,HD+,13,48,14999
1038,1843,12 GB RAM ,256 GB RO,vivo,Black,6.43,AMOLED,50,50,36999
1039,1845,6 GB RAM ,128 GB RO,oppo,Silver,6.43,HD+,16,48,14990
1040,1846,4 GB RAM ,64 GB ROM,redmi,Blue,6.53,HD+,5,13,7699
1041,1849,8 GB RAM ,256 GB RO,vivo,Blue,6.44,HD+,44,64,30990
