,Ram,Storage,Brand,Color,Display_Size,Display_Type,Front_Cam,Rear_Cam,Price
0,4 GB RAM ,64 GB ROM,realme,Blue,6.5,HD+,5,50,"₹9,999"
1,6 GB RAM ,128 GB RO,realme,Black,6.6,HD+,16,50,"₹13,499"
2,8 GB RAM ,128 GB RO,realme,Blue,6.7,HD+,16,108,"₹25,999"
3,8 GB RAM ,256 GB RO,realme,Blue,6.7,HD+,16,108,"₹27,999"
5,4 GB RAM ,64 GB ROM,realme,Black,6.6,HD+,8,50,"₹14,999"
6,6 GB RAM ,128 GB RO,realme,Blue,6.7,HD+,16,108,"₹24,999"
9,4 GB RAM ,64 GB ROM,realme,Gold,6.6,HD+,8,50,"₹14,999"
13,2 GB RAM ,32 GB ROM,realme,Black,6.5,HD+,5,8,"₹6,999"
14,4 GB RAM ,64 GB ROM,realme,Blue,6.6,HD+,8,50,"₹14,999"
15,6 GB RAM ,128 GB RO,realme,Black,6.6,HD+,8,50,"₹16,999"
16,2 GB RAM ,32 GB ROM,realme,Blue,6.5,HD+,5,8,"₹6,999"
17,6 GB RAM ,128 GB RO,realme,Blue,6.6,HD+,16,50,"₹13,499"
18,4 GB RAM ,64 GB ROM,realme,Black,6.6,HD+,16,50,"₹12,639"
19,6 GB RAM ,128 GB RO,realme,Gold,6.6,HD+,8,50,"₹16,999"
20,4 GB RAM ,64 GB ROM,realme,Black,6.6,HD+,8,50,"₹11,999"
21,4 GB RAM ,64 GB ROM,realme,Blue,6.5,HD+,5,8,"₹8,499"
22,4 GB RAM ,128 GB RO,realme,Black,6.6,HD+,8,50,"₹12,999"
23,6 GB RAM ,128 GB RO,realme,Blue,6.6,HD+,8,50,"₹16,999"
28,2 GB RAM ,32 GB ROM,realme,Grey,6.5,HD+,5,8,"₹7,499"
29,2 GB RAM ,32 GB ROM,realme,Blue,6.5,HD+,5,8,"₹7,499"
30,6 GB RAM ,128 GB RO,realme,Black,6.62,AMOLED,16,64,"₹22,999"
31,8 GB RAM ,256 GB RO,realme,Black,6.62,AMOLED,16,64,"₹26,999"
32,6 GB RAM ,128 GB RO,realme,Black,6.6,HD+,8,50,"₹13,999"
34,4 GB RAM ,64 GB ROM,realme,Green,6.6,HD+,8,50,"₹11,999"
35,8 GB RAM ,128 GB RO,realme,Black,6.4,HD+,16,50,"₹16,999"
36,4 GB RAM ,64 GB ROM,realme,Blue,6.6,HD+,8,50,"₹10,772"
37,4 GB RAM ,64 GB ROM,realme,Black,6.6,HD+,8,50,"₹10,538"
38,4 GB RAM ,64 GB ROM,realme,Grey,6.5,HD+,5,8,"₹8,999"
39,4 GB RAM ,64 GB ROM,realme,Blue,6.5,HD+,5,8,"₹8,999"
40,8 GB RAM ,128 GB RO,realme,White,6.4,HD+,16,50,"₹16,999"
41,4 GB RAM ,64 GB ROM,realme,White,6.4,HD+,16,50,"₹13,999"
42,4 GB RAM ,128 GB RO,realme,Green,6.6,HD+,8,50,"₹12,999"
43,2 GB RAM ,32 GB ROM,realme,Grey,6.5,HD+,5,8,"₹7,499"
44,2 GB RAM ,32 GB ROM,realme,Blue,6.5,HD+,5,8,"₹7,499"
46,3 GB RAM ,32 GB ROM,realme,Blue,6.5,HD+,5,8,"₹6,299"
47,3 GB RAM ,32 GB ROM,realme,Black,6.5,HD+,5,8,"₹6,299"
48,12 GB RAM ,256 GB RO,realme,Black,6.62,AMOLED,16,50,"₹31,999"
50,8 GB RAM ,128 GB RO,realme,Green,6.62,AMOLED,16,50,"₹27,999"
53,4 GB RAM ,128 GB RO,realme,Blue,6.5,HD+,16,48,"₹16,499"
56,4 GB RAM ,64 GB ROM,realme,Grey,6.5,HD+,8,13,"₹10,680"
57,4 GB RAM ,64 GB ROM,realme,Blue,6.5,HD+,8,13,"₹10,770"
58,4 GB RAM ,64 GB ROM,realme,Silver,6.52,HD,5,13,"₹9,999"
60,3 GB RAM ,32 GB ROM,realme,Silver,6.52,HD,5,13,"₹9,299"
61,8 GB RAM ,256 GB RO,realme,White,6.62,AMOLED,16,64,"₹26,999"
62,6 GB RAM ,128 GB RO,realme,White,6.62,AMOLED,16,64,"₹22,999"
63,8 GB RAM ,256 GB RO,realme,Yellow,6.62,AMOLED,16,64,"₹26,999"
64,4 GB RAM ,128 GB RO,realme,Black,6.5,HD+,16,48,"₹16,499"
65,4 GB RAM ,64 GB ROM,realme,White,6.5,HD+,16,48,"₹15,999"
66,4 GB RAM ,64 GB ROM,realme,Blue,6.5,HD+,16,48,"₹15,999"
67,4 GB RAM ,64 GB ROM,realme,Black,6.5,HD+,16,48,"₹15,999"
68,3 GB RAM ,32 GB ROM,realme,Green,6.52,HD,5,13,"₹9,299"
69,4 GB RAM ,128 GB RO,realme,Grey,6.5,HD+,8,13,"₹11,999"
70,4 GB RAM ,128 GB RO,realme,Blue,6.6,HD+,16,50,"₹14,999"
71,4 GB RAM ,64 GB ROM,realme,Black,6.6,HD+,16,50,"₹13,999"
72,4 GB RAM ,64 GB ROM,realme,Green,6.52,HD,5,13,"₹9,999"
73,4 GB RAM ,64 GB ROM,realme,Blue,6.5,HD+,5,13,"₹10,499"
75,3 GB RAM ,32 GB ROM,realme,Blue,6.5,HD+,5,13,"₹9,499"
76,3 GB RAM ,32 GB ROM,realme,Black,6.5,HD+,5,13,"₹9,499"
77,4 GB RAM ,128 GB RO,realme,Black,6.6,HD+,16,50,"₹14,999"
78,4 GB RAM ,64 GB ROM,realme,Black,6.5,HD+,5,13,"₹10,499"
79,6 GB RAM ,128 GB RO,realme,White,6.5,HD+,16,48,"₹17,499"
80,8 GB RAM ,128 GB RO,realme,Yellow,6.62,AMOLED,16,64,"₹24,999"
81,6 GB RAM ,128 GB RO,realme,Yellow,6.62,AMOLED,16,64,"₹22,999"
82,8 GB RAM ,128 GB RO,realme,White,6.62,AMOLED,16,64,"₹24,999"
83,3 GB RAM ,32 GB ROM,realme,Green,6.5,HD+,5,8,"₹6,299"
84,4 GB RAM ,64 GB ROM,realme,Blue,6.6,HD+,16,50,"₹10,999"
88,6 GB RAM ,128 GB RO,realme,Green,6.6,HD+,8,50,"₹15,499"
89,4 GB RAM ,64 GB ROM,realme,Black,6.5,HD+,16,48,"₹15,499"
91,8 GB RAM ,128 GB RO,realme,Black,6.5,HD+,16,48,"₹18,499"
92,6 GB RAM ,128 GB RO,realme,Blue,6.6,HD+,16,50,"₹15,999"
93,4 GB RAM ,64 GB ROM,realme,Blue,6.6,HD+,16,50,"₹13,499"
94,6 GB RAM ,128 GB RO,realme,Black,6.6,HD+,16,50,"₹15,999"
95,4 GB RAM ,64 GB ROM,realme,Black,6.6,HD+,16,50,"₹13,499"
96,6 GB RAM ,128 GB RO,realme,Purple,6.6,HD+,16,50,"₹15,999"
97,6 GB RAM ,128 GB RO,realme,Black,6.6,HD+,16,50,"₹15,999"
98,8 GB RAM ,128 GB RO,realme,Black,6.62,AMOLED,16,64,"₹24,999"
100,8 GB RAM ,128 GB RO,realme,Black,6.4,AMOLED,16,50,"₹26,999"
101,6 GB RAM ,128 GB RO,realme,Black,6.4,AMOLED,16,50,"₹24,999"
102,6 GB RAM ,128 GB RO,realme,Blue,6.5,HD+,16,48,"₹15,499"
103,4 GB RAM ,64 GB ROM,realme,Black,6.5,HD+,16,48,"₹15,999"
104,4 GB RAM ,64 GB ROM,realme,Grey,6.5,HD+,8,50,"₹10,999"
105,8 GB RAM ,128 GB RO,realme,Green,6.4,AMOLED,16,50,"₹26,999"
106,8 GB RAM ,256 GB RO,realme,Black,6.4,AMOLED,16,50,"₹28,999"
107,4 GB RAM ,64 GB ROM,realme,Blue,6.5,HD+,16,48,"₹13,499"
108,3 GB RAM ,32 GB ROM,realme,Black,6.5,HD+,5,13,"₹9,499"
109,8 GB RAM ,128 GB RO,realme,Silver,6.5,HD+,16,48,"₹19,999"
110,4 GB RAM ,128 GB RO,realme,Blue,6.5,HD+,8,50,"₹11,999"
111,3 GB RAM ,32 GB ROM,realme,Blue,6.5,HD+,5,13,"₹9,499"
112,12 GB RAM ,256 GB RO,realme,White,6.7,HD+,16,50,"₹35,999"
113,6 GB RAM ,128 GB RO,realme,Silver,6.5,HD+,16,48,"₹15,499"
114,6 GB RAM ,128 GB RO,realme,Blue,6.6,HD+,16,64,"₹18,999"
116,6 GB RAM ,128 GB RO,realme,Black,6.6,HD+,16,64,"₹18,999"
117,4 GB RAM ,64 GB ROM,realme,Black,6.5,HD+,5,13,"₹10,499"
118,8 GB RAM ,256 GB RO,realme,Blue,6.4,AMOLED,16,50,"₹28,999"
119,4 GB RAM ,128 GB RO,realme,Black,6.4,HD+,16,64,"₹15,999"
120,4 GB RAM ,64 GB ROM,realme,Blue,6.5,HD+,5,13,"₹10,499"
121,8 GB RAM ,256 GB RO,realme,Green,6.4,AMOLED,16,50,"₹28,999"
122,8 GB RAM ,256 GB RO,realme,White,6.7,HD+,16,50,"₹31,999"
123,8 GB RAM ,256 GB RO,realme,Black,6.7,HD+,16,50,"₹31,999"
125,8 GB RAM ,256 GB RO,realme,Blue,6.7,HD+,16,50,"₹31,999"
127,4 GB RAM ,64 GB ROM,realme,Blue,6.5,HD+,8,50,"₹10,999"
130,6 GB RAM ,128 GB RO,realme,Black,6.4,HD+,16,64,"₹16,999"
131,4 GB RAM ,128 GB RO,realme,Grey,6.5,HD+,8,50,"₹11,999"
133,6 GB RAM ,64 GB ROM,realme,Orange,6.6,HD+,16,64,"₹17,999"
136,12 GB RAM ,256 GB RO,realme,Black,6.7,HD+,16,50,"₹35,999"
137,8 GB RAM ,128 GB RO,realme,Blue,6.7,HD+,16,50,"₹29,999"
138,4 GB RAM ,128 GB RO,realme,Silver,6.4,HD+,16,64,"₹15,999"
139,8 GB RAM ,128 GB RO,realme,Black,6.7,HD+,16,50,"₹29,999"
140,12 GB RAM ,256 GB RO,realme,Blue,6.7,HD+,16,50,"₹35,999"
141,8 GB RAM ,128 GB RO,realme,Black,6.4,HD+,16,64,"₹17,999"
143,4 GB RAM ,64 GB ROM,realme,Grey,6.5,HD+,8,50,"₹10,999"
144,12 GB RAM ,256 GB RO,realme,Black,6.62,HD+,16,64,"₹35,999"
145,8 GB RAM ,128 GB RO,realme,Gold,6.4,AMOLED,16,108,"₹17,999"
146,8 GB RAM ,128 GB RO,realme,Black,6.4,AMOLED,16,108,"₹17,999"
147,6 GB RAM ,128 GB RO,realme,Gold,6.4,AMOLED,16,108,"₹16,999"
148,8 GB RAM ,128 GB RO,realme,Black,6.43,HD+,32,64,"₹27,999"
150,4 GB RAM ,64 GB ROM,realme,Blue,6.52,HD+,5,12,"₹8,999"
152,4 GB RAM ,64 GB ROM,realme,Black,6.3,HD+,16,16,"₹13,990"
153,8 GB RAM ,128 GB RO,realme,Blue,6.62,HD+,16,64,"₹31,999"
154,3 GB RAM ,32 GB ROM,realme,Blue,6.52,HD+,8,13,"₹11,999"
155,3 GB RAM ,32 GB ROM,realme,Blue,6.52,HD+,5,12,"₹7,999"
156,12 GB RAM ,256 GB RO,realme,Yellow,6.43,HD+,16,64,"₹41,999"
157,2 GB RAM ,32 GB ROM,realme,Black,6.1,HD+,5,13,"₹7,999"
158,2 GB RAM ,32 GB ROM,realme,Blue,6.1,HD+,5,13,"₹7,999"
159,8 GB RAM ,256 GB RO,realme,White,6.43,HD+,32,64,"₹29,999"
160,4 GB RAM ,64 GB ROM,realme,Blue,6.5,HD+,8,50,"₹10,990"
161,3 GB RAM ,32 GB ROM,realme,Blue,6.52,HD+,8,13,"₹11,999"
162,6 GB RAM ,64 GB ROM,realme,Blue,6.5,HD+,16,64,"₹17,499"
163,4 GB RAM ,64 GB ROM,realme,Black,6.22,HD+,13,13,"₹10,499"
165,3 GB RAM ,32 GB ROM,realme,Blue,6.22,HD+,13,13,"₹8,499"
166,3 GB RAM ,32 GB ROM,realme,Black,6.22,HD+,13,13,"₹8,499"
167,4 GB RAM ,128 GB RO,realme,Blue,6.5,HD+,8,13,"₹11,890"
168,8 GB RAM ,256 GB RO,realme,White,6.57,HD+,32,64,"₹30,049"
170,3 GB RAM ,32 GB ROM,realme,Black,6.2,HD+,8,13,"₹9,990"
171,3 GB RAM ,32 GB ROM,realme,Blue,6.52,HD+,5,13,"₹10,999"
172,8 GB RAM ,128 GB RO,realme,Silver,6.43,HD+,16,64,"₹37,999"
173,3 GB RAM ,32 GB ROM,realme,Silver,6.52,HD+,8,13,"₹11,999"
175,4 GB RAM ,64 GB ROM,realme,Blue,6.52,HD+,8,13,"₹12,999"
176,8 GB RAM ,256 GB RO,realme,Blue,6.57,HD+,32,64,"₹30,049"
177,3 GB RAM ,32 GB ROM,realme,Black,6.1,HD+,5,13,"₹8,999"
178,6 GB RAM ,64 GB ROM,realme,Blue,6.3,HD+,16,16,"₹15,990"
179,8 GB RAM ,128 GB RO,realme,Black,6.55,HD+,32,64,"₹29,999"
180,8 GB RAM ,128 GB RO,realme,White,6.57,HD+,32,64,"₹29,999"
182,12 GB RAM ,256 GB RO,realme,Black,6.7,HD,32,50,"₹57,999"
183,8 GB RAM ,128 GB RO,realme,White,6.5,HD+,16,64,"₹19,999"
184,8 GB RAM ,128 GB RO,realme,Blue,6.53,HD+,16,48,"₹20,999"
185,4 GB RAM ,128 GB RO,realme,Blue,6.53,HD+,16,48,"₹17,999"
186,8 GB RAM ,128 GB RO,realme,White,6.53,HD+,16,48,"₹20,999"
187,8 GB RAM ,128 GB RO,realme,White,6.7,HD+,16,50,"₹36,999"
189,2 GB RAM ,16 GB ROM,realme,Black,6.1,HD+,5,13,"₹6,999"
190,8 GB RAM ,128 GB RO,realme,White,6.7,HD,32,50,"₹49,999"
191,8 GB RAM ,128 GB RO,realme,Green,6.7,HD,32,50,"₹49,999"
192,2 GB RAM ,16 GB ROM,realme,Blue,6.1,HD+,5,13,"₹6,999"
193,8 GB RAM ,128 GB RO,realme,Green,6.44,HD+,32,64,"₹41,999"
194,12 GB RAM ,256 GB RO,realme,Green,6.44,HD+,32,64,"₹47,999"
195,8 GB RAM ,128 GB RO,realme,Black,6.7,HD,32,50,"₹49,999"
197,12 GB RAM ,256 GB RO,realme,Green,6.7,HD,32,50,"₹57,999"
198,6 GB RAM ,128 GB RO,realme,Blue,6.6,HD+,16,64,"₹18,999"
204,6 GB RAM ,64 GB ROM,realme,Silver,6.5,HD+,16,48,"₹14,499"
205,6 GB RAM ,128 GB RO,realme,Blue,6.4,AMOLED,16,50,"₹24,999"
206,6 GB RAM ,128 GB RO,realme,Silver,6.4,HD+,16,64,"₹16,999"
208,4 GB RAM ,64 GB ROM,realme,Silver,6.5,HD+,16,48,"₹14,499"
209,8 GB RAM ,128 GB RO,realme,Silver,6.4,HD+,16,64,"₹17,999"
210,12 GB RAM ,256 GB RO,realme,White,6.62,AMOLED,16,50,"₹31,999"
211,4 GB RAM ,64 GB ROM,realme,Blue,6.5,HD+,8,13,"₹9,999"
212,8 GB RAM ,128 GB RO,realme,Green,6.62,HD+,16,64,"₹31,999"
213,4 GB RAM ,128 GB RO,realme,Blue,6.5,HD+,8,50,"₹12,499"
214,6 GB RAM ,128 GB RO,realme,Silver,6.5,HD+,16,48,"₹16,999"
215,6 GB RAM ,128 GB RO,realme,Blue,6.5,HD+,16,48,"₹16,999"
216,8 GB RAM ,256 GB RO,realme,Grey,6.43,HD+,32,64,"₹29,999"
217,4 GB RAM ,64 GB ROM,realme,Blue,6.51,HD+,8,13,"₹9,999"
218,4 GB RAM ,64 GB ROM,realme,Blue,6.5,HD+,8,50,"₹11,499"
219,6 GB RAM ,128 GB RO,realme,Black,6.43,HD+,32,64,"₹25,999"
220,6 GB RAM ,128 GB RO,realme,Green,6.6,HD+,16,64,"₹18,999"
221,4 GB RAM ,64 GB ROM,realme,Silver,6.52,HD+,8,48,"₹10,499"
222,8 GB RAM ,128 GB RO,realme,Purple,6.5,HD+,16,64,"₹19,999"
223,8 GB RAM ,128 GB RO,realme,Blue,6.5,HD+,16,64,"₹19,999"
225,2 GB RAM ,32 GB ROM,realme,Green,6.5,HD+,5,13,"₹8,999"
226,4 GB RAM ,128 GB RO,realme,Blue,6.52,HD+,8,48,"₹11,499"
229,12 GB RAM ,256 GB RO,realme,White,6.7,HD,32,50,"₹57,999"
230,6 GB RAM ,128 GB RO,realme,Blue,6.5,HD+,16,64,"₹15,999"
231,6 GB RAM ,128 GB RO,realme,Silver,6.43,HD+,16,64,"₹19,999"
232,4 GB RAM ,128 GB RO,realme,Silver,6.52,HD+,8,48,"₹11,499"
234,2 GB RAM ,32 GB ROM,realme,Grey,6.5,HD+,5,13,"₹8,999"
236,8 GB RAM ,256 GB RO,realme,Blue,6.43,HD+,32,64,"₹29,999"
237,4 GB RAM ,128 GB RO,realme,Blue,6.5,HD+,8,50,"₹11,999"
238,12 GB RAM ,256 GB RO,realme,Blue,6.57,HD+,32,64,"₹34,999"
239,8 GB RAM ,128 GB RO,realme,Blue,6.43,HD+,16,64,"₹37,999"
240,4 GB RAM ,128 GB RO,realme,Purple,6.5,HD+,13,12,"₹12,999"
241,3 GB RAM ,32 GB ROM,realme,Purple,6.5,HD+,13,12,"₹10,999"
242,4 GB RAM ,128 GB RO,realme,Blue,6.5,HD+,13,12,"₹12,999"
243,3 GB RAM ,32 GB ROM,realme,Blue,6.5,HD+,13,12,"₹10,999"
244,8 GB RAM ,128 GB RO,realme,Black,6.3,HD+,16,16,"₹17,990"
246,12 GB RAM ,256 GB RO,realme,Blue,6.7,HD+,16,50,"₹35,999"
247,4 GB RAM ,64 GB ROM,realme,Blue,6.5,HD+,8,12,"₹11,999"
248,8 GB RAM ,128 GB RO,realme,Blue,6.5,HD+,16,64,"₹16,999"
251,4 GB RAM ,64 GB ROM,realme,Blue,6.5,HD+,13,48,"₹11,999"
252,8 GB RAM ,128 GB RO,realme,Blue,6.4,HD+,16,108,"₹19,999"
253,12 GB RAM ,256 GB RO,realme,White,6.57,HD+,32,64,"₹34,999"
254,6 GB RAM ,128 GB RO,realme,Black,6.4,HD+,16,108,"₹17,999"
255,6 GB RAM ,128 GB RO,realme,Silver,6.4,HD+,32,64,"₹19,999"
256,12 GB RAM ,256 GB RO,realme,Blue,6.5,HD+,16,64,"₹35,999"
257,8 GB RAM ,128 GB RO,realme,Blue,6.5,HD+,16,64,"₹31,999"
258,3 GB RAM ,32 GB ROM,realme,Silver,6.52,HD+,8,13,"₹11,999"
259,6 GB RAM ,128 GB RO,realme,Yellow,6.4,HD+,16,108,"₹17,999"
260,3 GB RAM ,32 GB ROM,realme,Blue,6.22,HD+,13,13,"₹8,499"
261,3 GB RAM ,64 GB ROM,realme,Black,6.22,HD+,13,13,"₹9,499"
262,4 GB RAM ,64 GB ROM,realme,Blue,6.22,HD+,13,13,"₹10,499"
263,6 GB RAM ,64 GB ROM,realme,White,6.5,HD+,16,64,"₹17,999"
264,6 GB RAM ,64 GB ROM,realme,Blue,6.5,HD+,16,64,"₹17,999"
265,3 GB RAM ,32 GB ROM,realme,Black,6.22,HD+,13,13,"₹8,499"
266,4 GB RAM ,64 GB ROM,realme,Black,6.5,HD+,16,48,"₹14,999"
267,2 GB RAM ,32 GB ROM,realme,Black,6.2,HD+,5,13,"₹8,999"
268,6 GB RAM ,64 GB ROM,realme,Black,6.5,HD+,16,48,"₹15,999"
269,4 GB RAM ,64 GB ROM,realme,White,6.5,HD+,16,48,"₹14,999"
270,6 GB RAM ,64 GB ROM,realme,White,6.5,HD+,16,48,"₹14,999"
271,4 GB RAM ,64 GB ROM,realme,Blue,6.3,HD+,25,16,"₹13,999"
272,2 GB RAM ,16 GB ROM,realme,Black,6.2,HD+,5,13,"₹8,990"
273,2 GB RAM ,16 GB ROM,realme,Blue,6.2,HD+,5,13,"₹8,990"
275,4 GB RAM ,128 GB RO,realme,Blue,6.52,HD+,8,12,"₹11,999"
276,4 GB RAM ,64 GB ROM,realme,Green,6.52,HD+,8,12,"₹10,999"
277,4 GB RAM ,64 GB ROM,realme,Blue,6.52,HD+,8,12,"₹10,999"
278,6 GB RAM ,64 GB ROM,realme,Blue,6.3,HD+,16,48,"₹15,999"
279,8 GB RAM ,128 GB RO,realme,Blue,6.3,HD+,16,48,"₹17,999"
280,6 GB RAM ,64 GB ROM,realme,Green,6.3,HD+,16,48,"₹15,999"
281,4 GB RAM ,64 GB ROM,realme,Blue,6.3,HD+,16,48,"₹14,999"
282,4 GB RAM ,64 GB ROM,realme,Green,6.3,HD+,16,48,"₹14,999"
283,4 GB RAM ,128 GB RO,realme,Blue,6.5,HD+,16,64,"₹14,249"
284,8 GB RAM ,128 GB RO,realme,Silver,6.4,HD+,32,64,"₹21,999"
285,2 GB RAM ,32 GB ROM,realme,Blue,6.5,HD+,5,8,"₹5,299"
290,12 GB RAM ,256 GB RO,realme,Green,6.62,AMOLED,16,50,"₹31,999"
291,4 GB RAM ,128 GB RO,realme,Blue,6.5,HD+,8,13,"₹11,999"
292,8 GB RAM ,128 GB RO,realme,Blue,6.5,HD+,16,48,"₹18,499"
293,4 GB RAM ,64 GB ROM,realme,Blue,6.5,HD+,16,48,"₹15,499"
294,6 GB RAM ,128 GB RO,realme,Black,6.5,HD+,16,48,"₹17,499"
295,6 GB RAM ,128 GB RO,realme,Black,6.5,HD+,16,48,"₹17,499"
296,8 GB RAM ,128 GB RO,realme,Black,6.5,HD+,16,48,"₹19,999"
297,6 GB RAM ,128 GB RO,realme,Blue,6.5,HD+,16,48,"₹17,499"
298,6 GB RAM ,128 GB RO,realme,Green,6.4,AMOLED,16,50,"₹24,999"
300,3 GB RAM ,32 GB ROM,realme,Grey,6.52,HD+,5,12,"₹8,999"
301,4 GB RAM ,64 GB ROM,realme,Green,6.5,HD+,8,50,"₹11,499"
302,12 GB RAM ,256 GB RO,realme,Green,6.62,HD+,16,64,"₹35,999"
304,8 GB RAM ,128 GB RO,realme,Grey,6.43,HD+,32,64,"₹27,999"
305,3 GB RAM ,32 GB ROM,realme,Black,6.51,HD+,8,13,"₹8,999"
306,3 GB RAM ,32 GB ROM,realme,Blue,6.51,HD+,8,13,"₹8,999"
308,4 GB RAM ,128 GB RO,realme,Blue,6.5,HD+,8,13,"₹10,999"
309,4 GB RAM ,64 GB ROM,realme,Grey,6.5,HD+,8,13,"₹9,999"
310,8 GB RAM ,128 GB RO,realme,Blue,6.5,HD+,16,64,"₹20,999"
311,8 GB RAM ,256 GB RO,realme,Black,6.43,HD+,32,64,"₹29,999"
313,6 GB RAM ,128 GB RO,realme,White,6.43,HD+,32,64,"₹25,999"
315,8 GB RAM ,128 GB RO,realme,Blue,6.43,HD+,32,64,"₹27,999"
316,6 GB RAM ,128 GB RO,realme,Grey,6.43,HD+,32,64,"₹25,999"
317,6 GB RAM ,128 GB RO,realme,Blue,6.43,HD+,32,64,"₹25,999"
318,4 GB RAM ,128 GB RO,realme,Blue,6.5,HD+,8,50,"₹11,999"
320,3 GB RAM ,32 GB ROM,realme,Silver,6.52,HD+,5,13,"₹10,999"
321,4 GB RAM ,64 GB ROM,realme,Blue,6.52,HD+,5,13,"₹10,999"
322,4 GB RAM ,64 GB ROM,realme,Silver,6.52,HD+,5,13,"₹9,999"
323,4 GB RAM ,64 GB ROM,realme,Black,6.2,HD+,8,13,"₹11,990"
327,4 GB RAM ,64 GB ROM,realme,Black,6.51,HD+,8,13,"₹9,999"
328,4 GB RAM ,64 GB ROM,realme,Blue,6.52,HD+,8,13,"₹12,999"
329,4 GB RAM ,64 GB ROM,realme,Silver,6.52,HD+,8,13,"₹12,999"
332,6 GB RAM ,128 GB RO,realme,Blue,6.5,HD+,16,64,"₹17,999"
333,3 GB RAM ,32 GB ROM,realme,Blue,6.1,HD+,5,13,"₹8,999"
335,4 GB RAM ,64 GB ROM,realme,Pearl,6.4,HD+,32,64,"₹17,999"
336,8 GB RAM ,128 GB RO,realme,Pearl,6.4,HD+,32,64,"₹20,999"
337,4 GB RAM ,64 GB ROM,realme,Blue,6.52,HD+,8,48,"₹10,499"
341,6 GB RAM ,128 GB RO,realme,Purple,6.5,HD+,16,64,"₹17,999"
342,8 GB RAM ,128 GB RO,realme,Blue,6.4,AMOLED,16,50,"₹26,999"
345,4 GB RAM ,128 GB RO,realme,White,6.53,HD+,16,48,"₹17,999"
346,8 GB RAM ,128 GB RO,realme,Black,6.72,HD+,16,108,"₹20,999"
347,12 GB RAM ,256 GB RO,realme,Silver,6.43,HD+,16,64,"₹29,999"
348,4 GB RAM ,64 GB ROM,realme,White,6.5,HD+,16,64,"₹13,999"
352,8 GB RAM ,128 GB RO,realme,Black,6.5,HD+,16,48,"₹16,999"
354,6 GB RAM ,64 GB ROM,realme,Blue,6.6,HD+,16,64,"₹17,999"
355,12 GB RAM ,256 GB RO,realme,Black,6.43,HD+,16,64,"₹29,999"
356,8 GB RAM ,128 GB RO,realme,White,6.5,HD+,16,48,"₹16,999"
357,6 GB RAM ,64 GB ROM,realme,White,6.5,HD+,16,48,"₹14,999"
361,8 GB RAM ,128 GB RO,realme,Silver,6.43,HD+,16,64,"₹21,999"
363,4 GB RAM ,128 GB RO,realme,Grey,6.5,HD+,8,50,"₹11,999"
364,4 GB RAM ,64 GB ROM,realme,Green,6.5,HD+,16,64,"₹11,849"
365,4 GB RAM ,64 GB ROM,realme,Blue,6.5,HD+,16,64,"₹11,849"
366,8 GB RAM ,128 GB RO,realme,Pearl,6.4,HD+,32,64,"₹20,999"
367,6 GB RAM ,128 GB RO,realme,Pearl,6.4,HD+,32,64,"₹19,999"
368,4 GB RAM ,128 GB RO,realme,Green,6.5,HD+,16,64,"₹14,249"
369,8 GB RAM ,128 GB RO,realme,Silver,6.43,HD+,16,64,"₹26,999"
371,3 GB RAM ,32 GB ROM,realme,Silver,6.5,HD+,8,12,"₹10,999"
372,8 GB RAM ,128 GB RO,realme,Black,6.4,HD+,16,108,"₹19,999"
373,6 GB RAM ,64 GB ROM,realme,White,6.5,HD+,16,64,"₹29,999"
375,8 GB RAM ,128 GB RO,realme,White,6.57,HD+,16,64,"₹27,999"
376,8 GB RAM ,128 GB RO,realme,Blue,6.57,HD+,16,64,"₹27,999"
377,3 GB RAM ,32 GB ROM,realme,Blue,6.5,HD+,8,12,"₹10,999"
378,4 GB RAM ,128 GB RO,realme,Blue,6.5,HD+,13,48,"₹12,999"
380,6 GB RAM ,128 GB RO,realme,Blue,6.4,HD+,16,108,"₹17,999"
381,4 GB RAM ,64 GB ROM,realme,Silver,6.5,HD+,8,12,"₹11,999"
382,4 GB RAM ,64 GB ROM,realme,White,6.52,HD+,5,12,"₹9,499"
383,12 GB RAM ,256 GB RO,realme,White,6.5,HD+,16,64,"₹35,999"
384,8 GB RAM ,128 GB RO,realme,White,6.5,HD+,16,64,"₹31,999"
386,6 GB RAM ,64 GB ROM,realme,Black,6.5,HD+,16,48,"₹14,999"
387,8 GB RAM ,128 GB RO,realme,Blue,6.4,HD+,32,64,"₹21,999"
388,6 GB RAM ,128 GB RO,realme,Blue,6.4,HD+,32,64,"₹19,999"
390,3 GB RAM ,64 GB ROM,realme,Blue,6.22,HD+,13,13,"₹9,499"
391,8 GB RAM ,128 GB RO,realme,Yellow,6.4,HD+,16,108,"₹19,999"
392,4 GB RAM ,128 GB RO,realme,White,6.5,HD+,16,48,"₹11,999"
393,4 GB RAM ,128 GB RO,realme,Blue,6.5,HD+,16,48,"₹11,999"
394,3 GB RAM ,32 GB ROM,realme,Black,6.2,HD+,5,13,"₹9,999"
395,8 GB RAM ,128 GB RO,realme,White,6.3,HD+,16,48,"₹16,999"
396,8 GB RAM ,128 GB RO,realme,Black,6.43,HD+,16,64,"₹26,999"
400,1 GB RAM ,8 GB ROM,redmi,Black,6.7,HD,5,8,"₹5,999"
401,4 GB RAM ,64 GB ROM,redmi,Blue,6.22,HD+,8,12,"₹10,749"
403,1 GB RAM ,16 GB ROM,redmi,Blue,6.5,HD,5,8,"₹5,999"
404,3 GB RAM ,32 GB ROM,redmi,Black,6.53,HD+,5,13,"₹8,190"
405,8 GB RAM ,128 GB RO,xiaomi,Blue,6.55,HD+,20,64,"₹23,890"
406,3 GB RAM ,32 GB ROM,redmi,Blue,6.53,HD+,5,13,"₹8,190"
407,6 GB RAM ,128 GB RO,Mi,Black,6.67,HD+,20,48,"₹33,999"
408,6 GB RAM ,128 GB RO,Mi,White,6.67,HD+,20,48,"₹32,980"
411,6 GB RAM ,128 GB RO,xiaomi,Black,6.67,AMOLED,16,108,"₹24,999"
414,8 GB RAM ,128 GB RO,xiaomi,Purple,6.67,AMOLED,16,108,"₹26,999"
416,2 GB RAM ,32 GB ROM,redmi,Gold,5.45,HD+,5,12,"₹6,999"
417,6 GB RAM ,128 GB RO,xiaomi,Blue,6.55,HD+,20,64,"₹23,490"
419,4 GB RAM ,64 GB ROM,redmi,Black,6.3,HD+,13,48,"₹13,999"
427,6 GB RAM ,128 GB RO,xiaomi,Pearl,6.67,AMOLED,16,108,"₹24,999"
428,4 GB RAM ,64 GB ROM,redmi,Grey,5.99,HD+,16,12,"₹13,499"
429,8 GB RAM ,128 GB RO,Mi,White,6.67,HD+,20,48,"₹30,999"
432,6 GB RAM ,128 GB RO,xiaomi,Purple,6.67,AMOLED,16,108,"₹24,999"
433,2 GB RAM ,32 GB ROM,redmi,Blue,5.45,HD+,5,12,"₹6,999"
434,3 GB RAM ,64 GB ROM,redmi,Black,5.45,HD+,5,12,"₹10,499"
435,8 GB RAM ,128 GB RO,Mi,Black,6.55,HD+,16,64,"₹23,999"
436,6 GB RAM ,128 GB RO,xiaomi,Purple,6.67,AMOLED,16,108,"₹24,999"
441,8 GB RAM ,128 GB RO,Mi,Blue,6.55,HD+,16,64,"₹23,999"
442,4 GB RAM ,64 GB ROM,redmi,Blue,6.53,HD+,5,13,"₹10,999"
444,6 GB RAM ,128 GB RO,xiaomi,Black,6.67,AMOLED,16,108,"₹24,999"
445,8 GB RAM ,128 GB RO,Mi,Black,6.67,HD+,20,108,"₹47,999"
448,3 GB RAM ,32 GB ROM,redmi,Black,6.3,HD+,13,48,"₹11,999"
449,3 GB RAM ,32 GB ROM,redmi,Gold,5.45,HD+,5,12,"₹8,999"
450,3 GB RAM ,64 GB ROM,redmi,Blue,5.45,HD+,5,12,"₹10,499"
452,3 GB RAM ,32 GB ROM,redmi,Blue,5.99,HD+,16,12,"₹10,499"
453,4 GB RAM ,64 GB ROM,redmi,Black,5.99,HD+,5,12,"₹11,999"
454,4 GB RAM ,64 GB ROM,Mi,Gold,5.99,HD+,20,20,"₹17,499"
455,6 GB RAM ,64 GB ROM,redmi,Gold,5.99,HD+,20,12,"₹16,999"
456,3 GB RAM ,32 GB ROM,redmi,White,6.22,HD+,8,13,"₹8,999"
457,4 GB RAM ,64 GB ROM,redmi,Blue,6.26,HD+,20,12,"₹15,999"
458,4 GB RAM ,64 GB ROM,redmi,Gold,5.99,HD+,20,12,"₹14,999"
459,3 GB RAM ,64 GB ROM,redmi,Grey,6.22,HD+,8,13,"₹9,999"
461,3 GB RAM ,32 GB ROM,redmi,White,6.3,HD+,13,48,"₹11,999"
463,2 GB RAM ,32 GB ROM,redmi,Black,5.45,HD+,5,12,"₹6,999"
464,4 GB RAM ,64 GB ROM,redmi,Black,5.99,HD+,20,12,"₹14,999"
466,6 GB RAM ,128 GB RO,redmi,Pearl,6.39,HD+,20,48,"₹24,999"
469,6 GB RAM ,64 GB ROM,redmi,Black,6.3,HD+,13,48,"₹16,999"
470,3 GB RAM ,32 GB ROM,redmi,Blue,5.45,HD+,5,12,"₹8,999"
471,8 GB RAM ,128 GB RO,Mi,Silver,6.67,HD+,20,64,"₹37,999"
473,1 GB RAM ,16 GB ROM,redmi,Black,6.67,HD,5,8,"₹5,999"
475,1 GB RAM ,8 GB ROM,redmi,Blue,6.3,HD,5,8,"₹5,999"
476,4 GB RAM ,64 GB ROM,redmi,Blue,6.3,HD+,13,48,"₹13,999"
477,4 GB RAM ,64 GB ROM,redmi,White,6.3,HD+,13,48,"₹13,999"
478,3 GB RAM ,32 GB ROM,redmi,Gold,6.3,HD,5,13,"₹6,999"
482,3 GB RAM ,32 GB ROM,redmi,Black,6.3,HD+,13,12,"₹12,999"
485,4 GB RAM ,64 GB ROM,redmi,Blue,6.3,HD+,13,48,"₹15,999"
487,4 GB RAM ,64 GB ROM,redmi,Gold,5.99,HD+,5,12,"₹11,999"
488,2 GB RAM ,16 GB ROM,redmi,Gold,5.45,HD+,5,12,"₹6,499"
489,4 GB RAM ,64 GB ROM,redmi,Black,6.26,HD+,20,12,"₹15,999"
490,6 GB RAM ,64 GB ROM,redmi,Black,5.99,HD+,20,12,"₹16,999"
491,3 GB RAM ,64 GB ROM,redmi,Gold,5.45,HD+,5,12,"₹10,499"
492,3 GB RAM ,32 GB ROM,redmi,Gold,5.45,HD,5,13,"₹8,999"
513,8 GB RAM ,128 GB RO,xiaomi,Purple,6.67,AMOLED,16,108,"₹26,999"
514,8 GB RAM ,128 GB RO,Mi,Silver,6.67,HD+,20,108,"₹29,990"
515,8 GB RAM ,128 GB RO,xiaomi,Black,6.67,AMOLED,16,108,"₹26,999"
519,6 GB RAM ,128 GB RO,Mi,Blue,6.55,HD+,16,64,"₹21,999"
523,8 GB RAM ,128 GB RO,Mi,Black,6.67,HD+,20,64,"₹37,999"
524,3 GB RAM ,32 GB ROM,redmi,Black,5.45,HD+,5,12,"₹8,999"
525,2 GB RAM ,32 GB ROM,redmi,Black,6.22,HD+,8,12,"₹7,999"
526,3 GB RAM ,32 GB ROM,redmi,Green,6.53,HD+,5,13,"₹7,999"
528,2 GB RAM ,16 GB ROM,redmi,Blue,5.45,HD+,5,12,"₹6,499"
531,6 GB RAM ,128 GB RO,redmi,Blue,6.39,HD+,20,48,"₹24,999"
532,3 GB RAM ,32 GB ROM,redmi,Grey,6.22,HD+,8,13,"₹8,999"
533,6 GB RAM ,128 GB RO,redmi,Black,6.3,HD+,13,48,"₹16,999"
534,6 GB RAM ,128 GB RO,xiaomi,Green,6.67,AMOLED,16,108,"₹24,999"
536,4 GB RAM ,64 GB ROM,redmi,White,6.3,HD+,13,48,"₹15,999"
537,4 GB RAM ,64 GB ROM,redmi,Black,5.5,HD,5,13,"₹12,749"
538,4 GB RAM ,64 GB ROM,redmi,Gold,5.5,HD,5,13,"₹12,749"
539,4 GB RAM ,64 GB ROM,redmi,Green,6.22,HD+,8,12,"₹10,999"
540,4 GB RAM ,64 GB ROM,redmi,Grey,5.5,HD,5,13,"₹12,749"
541,6 GB RAM ,64 GB ROM,redmi,Blue,6.39,HD+,20,48,"₹22,999"
544,6 GB RAM ,64 GB ROM,redmi,Blue,6.26,HD+,20,12,"₹17,999"
545,6 GB RAM ,64 GB ROM,redmi,Blue,6.3,HD+,13,48,"₹16,999"
546,4 GB RAM ,64 GB ROM,redmi,Gold,6.26,HD+,20,12,"₹15,999"
551,6 GB RAM ,128 GB RO,xiaomi,Black,6.55,HD+,20,64,"₹21,990"
552,4 GB RAM ,64 GB ROM,redmi,Orange,6.53,HD+,5,13,"₹9,999"
554,2 GB RAM ,16 GB ROM,redmi,Blue,6.55,HD,5,13,"₹5,999"
557,3 GB RAM ,32 GB ROM,redmi,Gold,6.26,HD,5,13,"₹6,999"
558,3 GB RAM ,32 GB ROM,redmi,Gold,6.26,HD,5,13,"₹6,999"
559,2 GB RAM ,16 GB ROM,redmi,Grey,6.26,HD,5,13,"₹5,999"
560,3 GB RAM ,32 GB ROM,redmi,Gold,5.99,HD+,5,12,"₹10,999"
562,4 GB RAM ,64 GB ROM,redmi,Black,6.3,HD+,13,12,"₹12,349"
563,4 GB RAM ,64 GB ROM,redmi,Gold,5.99,HD+,16,12,"₹13,499"
564,3 GB RAM ,32 GB ROM,redmi,Gold,5.99,HD+,5,12,"₹10,999"
566,2 GB RAM ,16 GB ROM,redmi,Gold,6.67,HD,5,13,"₹5,999"
567,4 GB RAM ,64 GB ROM,Mi,Black,6.44,HD,5,12,"₹14,999"
568,4 GB RAM ,64 GB ROM,Mi,Black,5.99,HD+,20,20,"₹17,499"
569,6 GB RAM ,128 GB RO,Mi,White,6.08,HD+,32,48,"₹17,499"
570,3 GB RAM ,32 GB ROM,redmi,Grey,6.08,HD,5,13,"₹6,999"
578,3 GB RAM ,32 GB ROM,redmi,Black,5.99,HD+,5,12,"₹10,999"
579,4 GB RAM ,64 GB ROM,redmi,Blue,6.3,HD+,13,48,"₹12,999"
580,3 GB RAM ,32 GB ROM,redmi,Black,5.99,HD+,16,12,"₹8,990"
581,3 GB RAM ,32 GB ROM,redmi,Blue,5.99,HD+,5,12,"₹10,999"
582,4 GB RAM ,64 GB ROM,redmi,Purple,6.3,HD+,13,48,"₹12,999"
584,4 GB RAM ,64 GB ROM,redmi,Gold,5.99,HD+,20,12,"₹14,999"
585,4 GB RAM ,64 GB ROM,redmi,Black,6.3,HD+,13,48,"₹12,999"
587,4 GB RAM ,64 GB ROM,redmi,White,6.3,HD+,13,48,"₹12,999"
588,4 GB RAM ,64 GB ROM,redmi,Blue,5.99,HD+,20,12,"₹14,999"
591,3 GB RAM ,32 GB ROM,redmi,Blue,6.22,HD+,8,12,"₹8,999"
592,6 GB RAM ,128 GB RO,redmi,Blue,6.39,HD+,20,48,"₹28,999"
593,6 GB RAM ,64 GB ROM,redmi,Blue,5.99,HD+,20,12,"₹16,999"
594,3 GB RAM ,32 GB ROM,redmi,Grey,5.99,HD,5,13,"₹6,999"
595,8 GB RAM ,128 GB RO,xiaomi,Black,6.67,AMOLED,16,108,"₹26,999"
598,4 GB RAM ,64 GB ROM,redmi,Black,6.67,HD+,16,48,"₹14,450"
600,4 GB RAM ,64 GB ROM,redmi,Gold,6.67,HD+,16,48,"₹14,990"
601,6 GB RAM ,128 GB RO,redmi,Blue,6.3,HD+,13,48,"₹14,998"
604,3 GB RAM ,32 GB ROM,redmi,Black,6.22,HD+,8,12,"₹8,999"
607,3 GB RAM ,32 GB ROM,redmi,Blue,6.3,HD+,13,48,"₹11,999"
609,8 GB RAM ,128 GB RO,Mi,Black,6.67,HD+,20,48,"₹24,808"
611,6 GB RAM ,128 GB RO,xiaomi,Green,6.67,AMOLED,16,108,"₹24,999"
623,6 GB RAM ,128 GB RO,Mi,Silver,6.67,HD+,20,48,"₹24,490"
624,6 GB RAM ,128 GB RO,redmi,Blue,6.3,HD+,13,48,"₹17,999"
625,4 GB RAM ,64 GB ROM,Mi,Blue,5.99,HD+,20,20,"₹17,499"
627,8 GB RAM ,128 GB RO,Mi,Silver,6.67,HD+,20,108,"₹25,999"
630,4 GB RAM ,64 GB ROM,Mi,Gold,5.99,HD+,20,20,"₹17,499"
631,2 GB RAM ,16 GB ROM,redmi,Grey,5.99,HD,5,13,"₹6,999"
632,8 GB RAM ,128 GB RO,xiaomi,Pearl,6.67,AMOLED,16,108,"₹26,999"
633,8 GB RAM ,256 GB RO,Mi,Silver,6.67,HD+,20,108,"₹34,999"
634,4 GB RAM ,64 GB ROM,redmi,Black,6.22,HD+,8,12,"₹10,999"
637,2 GB RAM ,16 GB ROM,redmi,Black,5.45,HD+,5,12,"₹6,499"
638,6 GB RAM ,128 GB RO,Mi,Black,6.55,HD+,16,64,"₹21,999"
640,4 GB RAM ,64 GB ROM,redmi,Carbon,6.53,HD+,5,13,"₹8,935"
641,4 GB RAM ,64 GB ROM,redmi,Blue,6.3,HD+,13,12,"₹14,999"
643,4 GB RAM ,64 GB ROM,Mi,Black,5.5,HD,5,12,"₹14,599"
645,4 GB RAM ,64 GB ROM,redmi,Blue,5.7,HD,5,12,"₹8,299"
646,2 GB RAM ,16 GB ROM,Mi,Grey,5.7,HD,2,13,"₹16,999"
648,4 GB RAM ,64 GB ROM,redmi,Blue,6.53,HD+,5,13,"₹9,015"
654,3 GB RAM ,32 GB ROM,redmi,Grey,5.99,HD+,16,12,"₹10,499"
655,3 GB RAM ,32 GB ROM,redmi,Gold,5.99,HD+,16,12,"₹10,499"
656,6 GB RAM ,128 GB RO,Mi,Blue,5.99,HD+,20,20,"₹20,500"
657,3 GB RAM ,32 GB ROM,redmi,Gold,5.7,HD+,5,12,"₹9,999"
658,8 GB RAM ,256 GB RO,redmi,Pearl,6.39,HD+,20,48,"₹31,999"
660,3 GB RAM ,32 GB ROM,redmi,Gold,5.99,HD+,16,12,"₹10,499"
661,6 GB RAM ,64 GB ROM,redmi,Pearl,6.39,HD+,20,48,"₹22,999"
662,3 GB RAM ,64 GB ROM,redmi,White,6.22,HD+,8,13,"₹9,999"
666,3 GB RAM ,32 GB ROM,Mi,White,5.15,HD,4,16,"₹24,999"
667,2 GB RAM ,16 GB ROM,redmi,Silver,5.15,HD,5,13,"₹6,999"
668,2 GB RAM ,16 GB ROM,redmi,Gold,5.15,HD,5,13,"₹6,999"
669,4 GB RAM ,128 GB RO,redmi,Blue,6.53,HD+,5,13,"₹9,990"
670,3 GB RAM ,32 GB ROM,Mi,Gold,5.15,HD,4,16,"₹24,999"
671,4 GB RAM ,64 GB ROM,redmi,Blue,5.99,HD+,5,12,"₹11,999"
674,3 GB RAM ,32 GB ROM,Mi,Silver,6.44,HD,5,16,"₹14,999"
675,8 GB RAM ,128 GB RO,xiaomi,Green,6.67,AMOLED,16,108,"₹26,999"
677,6 GB RAM ,128 GB RO,redmi,Pearl,6.39,HD+,20,48,"₹28,999"
678,8 GB RAM ,128 GB RO,xiaomi,Pearl,6.67,AMOLED,16,108,"₹26,999"
679,2 GB RAM ,16 GB ROM,Mi,Blue,6.67,HD,5,13,"₹12,999"
680,4 GB RAM ,64 GB ROM,redmi,Blue,5.5,HD,5,13,"₹12,749"
681,3 GB RAM ,32 GB ROM,Mi,Black,5.15,HD,4,16,"₹24,999"
683,8 GB RAM ,256 GB RO,redmi,Carbon,6.39,HD+,20,48,"₹31,999"
684,3 GB RAM ,32 GB ROM,Mi,Grey,6.44,HD,5,16,"₹14,999"
685,6 GB RAM ,64 GB ROM,Mi,Black,6.67,HD+,16,108,"₹21,999"
686,6 GB RAM ,128 GB RO,Mi,Gold,5.99,HD+,20,20,"₹20,500"
687,6 GB RAM ,128 GB RO,Mi,Black,5.99,HD+,20,20,"₹20,500"
688,2 GB RAM ,32 GB ROM,Mi,Grey,5.99,HD,5,13,"₹14,999"
692,4 GB RAM ,64 GB ROM,redmi,Gold,5.99,HD+,16,12,"₹13,499"
695,3 GB RAM ,32 GB ROM,redmi,Grey,5.5,HD,5,13,"₹10,649"
696,6 GB RAM ,128 GB RO,Mi,Blue,6.08,HD+,32,48,"₹17,499"
698,6 GB RAM ,64 GB ROM,redmi,Black,6.26,HD+,20,12,"₹17,999"
699,6 GB RAM ,64 GB ROM,Mi,Blue,6.67,HD+,16,108,"₹21,999"
700,6 GB RAM ,64 GB ROM,redmi,Gold,5.99,HD+,20,12,"₹16,999"
701,6 GB RAM ,128 GB RO,redmi,White,6.67,HD+,16,48,"₹14,990"
702,6 GB RAM ,128 GB RO,redmi,Black,6.3,HD+,13,48,"₹15,999"
703,6 GB RAM ,128 GB RO,redmi,White,6.3,HD+,13,48,"₹17,999"
704,4 GB RAM ,64 GB ROM,redmi,Black,6.3,HD+,13,48,"₹15,999"
705,6 GB RAM ,128 GB RO,redmi,White,6.3,HD+,13,48,"₹15,999"
707,2 GB RAM ,16 GB ROM,Mi,Grey,4.7,HD,5,13,"₹12,999"
708,8 GB RAM ,128 GB RO,Mi,Silver,6.67,HD+,20,108,"₹38,849"
709,4 GB RAM ,64 GB ROM,redmi,Gold,5.99,HD+,5,12,"₹11,999"
710,4 GB RAM ,64 GB ROM,redmi,Blue,5.99,HD+,16,12,"₹13,999"
711,6 GB RAM ,64 GB ROM,redmi,WHITE,6.3,HD+,13,48,"₹16,999"
713,6 GB RAM ,64 GB ROM,redmi,Gold,6.26,HD+,20,12,"₹17,999"
714,4 GB RAM ,64 GB ROM,redmi,Grey,5.5,HD,16,13,"₹11,999"
715,6 GB RAM ,128 GB RO,redmi,Gold,6.67,HD+,16,48,"₹19,999"
717,3 GB RAM ,32 GB ROM,redmi,Silver,5.99,HD,5,13,"₹8,999"
720,3 GB RAM ,32 GB ROM,redmi,Grey,5.5,HD,5,13,"₹8,999"
724,2 GB RAM ,16 GB ROM,Mi,Yellow,6.55,HD,5,13,"₹12,999"
725,3 GB RAM ,32 GB ROM,redmi,Blue,6.22,HD+,8,13,"₹8,999"
726,2 GB RAM ,16 GB ROM,Mi,White,6.22,HD,5,13,"₹12,999"
728,3 GB RAM ,64 GB ROM,redmi,Blue,6.22,HD+,8,13,"₹9,999"
730,3 GB RAM ,16 GB ROM,Mi,White,6.67,HD,8,13,"₹14,999"
738,4 GB RAM ,64 GB ROM,redmi,Blue,6.26,HD+,32,12,"₹9,940"
743,2 GB RAM ,16 GB ROM,redmi,Black,5.7,HD+,5,12,"₹7,490"
744,6 GB RAM ,128 GB RO,redmi,Purple,6.3,HD+,13,48,"₹15,999"
745,6 GB RAM ,128 GB RO,Mi,Black,5.99,HD+,5,12,"₹37,999"
746,3 GB RAM ,32 GB ROM,redmi,Blue,5.99,HD,5,13,"₹6,999"
748,2 GB RAM ,16 GB ROM,redmi,Grey,4.7,HD,2,8,"₹6,999"
749,2 GB RAM ,16 GB ROM,redmi,White,4.7,HD,2,8,"₹6,999"
750,2 GB RAM ,16 GB ROM,redmi,Gold,4.7,HD,5,13,"₹5,999"
751,3 GB RAM ,32 GB ROM,redmi,Gold,5.5,HD,5,16,"₹6,990"
752,3 GB RAM ,32 GB ROM,redmi,Grey,5.5,HD,16,13,"₹8,999"
753,4 GB RAM ,64 GB ROM,redmi,Black,5.7,HD+,5,12,"₹11,990"
754,8 GB RAM ,256 GB RO,Mi,Black,6.67,HD+,20,108,"₹31,990"
755,4 GB RAM ,64 GB ROM,Mi,White,6.088,HD+,32,48,"₹14,999"
756,3 GB RAM ,32 GB ROM,redmi,White,6.3,HD+,13,48,"₹11,990"
757,3 GB RAM ,32 GB ROM,redmi,Black,6.3,HD+,13,48,"₹11,450"
758,2 GB RAM ,16 GB ROM,redmi,Blue,5.7,HD+,5,12,"₹8,499"
759,4 GB RAM ,64 GB ROM,Mi,Grey,6.088,HD+,32,48,"₹14,999"
760,8 GB RAM ,128 GB RO,Mi,Black,6.67,HD+,16,108,"₹24,099"
761,6 GB RAM ,128 GB RO,Mi,Black,6.67,HD+,16,108,"₹21,975"
763,4 GB RAM ,64 GB ROM,redmi,Gold,5.7,HD+,5,12,"₹10,990"
764,3 GB RAM ,32 GB ROM,redmi,Blue,6.3,HD+,13,48,"₹11,990"
766,4 GB RAM ,64 GB ROM,Mi,Gold,5.5,HD,5,12,"₹14,599"
767,4 GB RAM ,64 GB ROM,Mi,Gold,5.5,HD,5,12,"₹14,999"
768,4 GB RAM ,64 GB ROM,Mi,Blue,6.088,HD+,32,48,"₹14,999"
770,2 GB RAM ,16 GB ROM,redmi,Gold,5.7,HD+,5,12,"₹8,489"
771,3 GB RAM ,32 GB ROM,redmi,Black,6.26,HD+,8,12,"₹8,799"
773,4 GB RAM ,64 GB ROM,redmi,Gold,5.84,HD+,5,12,"₹10,725"
777,6 GB RAM ,128 GB RO,redmi,Black,6.67,HD+,16,48,"₹17,399"
778,4 GB RAM ,128 GB RO,redmi,Blue,6.67,HD+,16,48,"₹13,990"
779,4 GB RAM ,64 GB ROM,redmi,Gold,6.67,HD+,16,48,"₹13,690"
780,4 GB RAM ,128 GB RO,redmi,Gold,6.67,HD+,16,48,"₹14,640"
782,2 GB RAM ,16 GB ROM,redmi,Grey,5.5,HD,5,13,"₹7,499"
783,6 GB RAM ,128 GB RO,redmi,Blue,6.67,HD+,16,48,"₹15,990"
784,4 GB RAM ,64 GB ROM,redmi,Black,6.26,HD+,32,12,"₹10,990"
785,3 GB RAM ,32 GB ROM,redmi,Black,6.26,HD+,32,12,"₹8,999"
787,3 GB RAM ,32 GB ROM,redmi,Gold,5.84,HD+,5,12,"₹8,990"
789,8 GB RAM ,128 GB RO,Mi,Blue,6.67,HD+,16,108,"₹24,798"
790,3 GB RAM ,32 GB ROM,redmi,Blue,5.84,HD+,5,12,"₹8,990"
791,3 GB RAM ,32 GB ROM,redmi,Black,5.84,HD+,5,12,"₹8,999"
792,4 GB RAM ,64 GB ROM,redmi,Blue,5.84,HD+,5,12,"₹10,990"
793,3 GB RAM ,32 GB ROM,redmi,Gold,5.84,HD+,5,12,"₹9,990"
798,4 GB RAM ,64 GB ROM,redmi,Blue,6.67,HD+,16,48,"₹11,990"
803,128 GB RO,128 GB ROM,apple,Black,6.1,HD,12,12,"₹45,999"
804,128 GB RO,128 GB ROM,apple,Green,6.1,XDR,12,12,"₹61,499"
805,64 GB RO,64 GB ROM,apple,White,6.1,HD,12,12,"₹38,999"
808,128 GB RO,128 GB ROM,apple,Purple,6.1,XDR,12,12,"₹71,999"
809,64 GB RO,64 GB ROM,apple,Black,6.1,HD,12,12,"₹38,999"
811,128 GB RO,128 GB ROM,apple,White,6.1,HD,12,12,"₹45,999"
812,128 GB RO,128 GB ROM,apple,Blue,6.1,XDR,12,12,"₹71,999"
816,128 GB RO,128 GB ROM,apple,Blue,6.7,XDR,12,12,"₹77,999"
817,128 GB RO,128 GB ROM,apple,Purple,6.7,XDR,12,12,"₹77,999"
821,64 GB RO,64 GB ROM,apple,Purple,6.1,XDR,12,12,"₹53,999"
822,128 GB RO,128 GB ROM,apple,Blue,6.1,XDR,12,12,"₹61,499"
824,128 GB RO,128 GB ROM,apple,Purple,6.1,XDR,12,12,"₹57,999"
825,64 GB RO,64 GB ROM,apple,Black,6.1,XDR,12,12,"₹53,999"
827,256 GB RO,256 GB ROM,apple,Purple,6.7,XDR,12,12,"₹87,999"
828,128 GB RO,128 GB ROM,apple,Purple,6.1,XDR,12,48,"₹1,23,099"
829,64 GB RO,64 GB ROM,apple,White,6.1,XDR,12,12,"₹53,999"
830,64 GB RO,64 GB ROM,apple,Green,6.1,XDR,12,12,"₹53,999"
833,64 GB RO,64 GB ROM,apple,Blue,6.1,XDR,12,12,"₹53,999"
834,128 GB RO,128 GB ROM,apple,Yellow,6.7,XDR,12,12,"₹77,999"
835,256 GB RO,256 GB ROM,apple,Blue,6.1,XDR,12,12,"₹81,999"
836,128 GB RO,128 GB ROM,apple,Black,6.7,XDR,12,48,"₹1,28,099"
839,128 GB RO,128 GB ROM,apple,Silver,6.7,XDR,12,48,"₹1,28,099"
841,256 GB RO,256 GB ROM,apple,Yellow,6.7,XDR,12,12,"₹87,999"
842,512 GB RO,512 GB ROM,apple,Silver,6.1,XDR,12,12,"₹1,25,999"
844,128 GB RO,128 GB ROM,apple,Gold,6.7,XDR,12,48,"₹1,28,099"
847,256 GB RO,256 GB ROM,apple,Purple,6.1,XDR,12,12,"₹81,999"
848,128 GB RO,128 GB ROM,apple,Purple,6.7,XDR,12,48,"₹1,28,099"
849,128 GB RO,128 GB ROM,apple,Yellow,6.1,XDR,12,12,"₹72,999"
852,128 GB RO,128 GB ROM,apple,Silver,6.1,XDR,12,48,"₹1,23,099"
853,128 GB RO,128 GB ROM,apple,Black,6.1,XDR,12,48,"₹1,23,099"
854,256 GB RO,256 GB ROM,apple,Blue,6.7,XDR,12,12,"₹87,999"
856,512 GB RO,512 GB ROM,apple,Blue,6.7,XDR,12,12,"₹1,07,999"
858,256 GB RO,256 GB ROM,apple,Black,6.1,XDR,12,48,"₹1,33,099"
860,256 GB RO,256 GB ROM,apple,Green,6.1,XDR,12,12,"₹66,999"
861,256 GB RO,256 GB ROM,apple,Black,6.1,XDR,12,12,"₹66,999"
864,128 GB RO,128 GB ROM,apple,Gold,6.1,XDR,12,48,"₹1,23,099"
865,256 GB RO,256 GB ROM,apple,Purple,6.1,XDR,12,48,"₹1,33,099"
867,512 GB RO,512 GB ROM,apple,Black,6.1,XDR,12,48,"₹1,53,099"
869,256 GB RO,256 GB ROM,apple,Blue,5.4,XDR,12,12,"₹55,999"
870,512 GB RO,512 GB ROM,apple,Blue,6.1,XDR,12,12,"₹85,499"
872,256 GB RO,256 GB ROM,apple,Blue,6.1,XDR,12,12,"₹66,999"
873,512 GB RO,512 GB ROM,apple,Gold,6.1,XDR,12,12,"₹1,25,999"
874,256 GB RO,256 GB ROM,apple,Blue,6.1,XDR,12,12,"₹71,499"
875,256 GB RO,256 GB ROM,apple,Silver,6.1,XDR,12,48,"₹1,33,099"
879,512 GB RO,512 GB ROM,apple,Purple,6.7,XDR,12,12,"₹1,07,999"
881,256 GB RO,256 GB ROM,apple,Black,5.4,XDR,12,12,"₹55,999"
883,512 GB RO,512 GB ROM,apple,Silver,6.1,XDR,12,12,"₹1,06,699"
884,1 TB RO,1 TB ROM,apple,Green,6.7,XDR,12,12,"₹1,55,999"
887,512 GB RO,512 GB ROM,apple,Green,6.1,XDR,12,12,"₹85,499"
888,256 GB RO,256 GB ROM,apple,Yellow,6.1,XDR,12,12,"₹82,999"
889,512 GB RO,512 GB ROM,apple,Green,5.4,XDR,12,12,"₹89,999"
890,1 TB RO,1 TB ROM,apple,Silver,6.7,XDR,12,12,"₹1,55,999"
891,1 TB RO,1 TB ROM,apple,Blue,6.1,XDR,12,12,"₹1,44,999"
893,512 GB RO,512 GB ROM,apple,Purple,6.1,XDR,12,48,"₹1,53,099"
894,512 GB RO,512 GB ROM,apple,Purple,6.1,XDR,12,12,"₹1,01,999"
897,512 GB RO,512 GB ROM,apple,Blue,6.1,XDR,12,12,"₹1,01,999"
898,64 GB RO,64 GB ROM,apple,Green,6.5,XDR,12,12,"₹95,699"
899,512 GB RO,512 GB ROM,apple,Silver,6.1,XDR,12,48,"₹1,53,099"
900,256 GB RO,256 GB ROM,apple,Gold,6.1,XDR,12,48,"₹1,33,099"
902,512 GB RO,512 GB ROM,apple,Gold,6.7,XDR,12,12,"₹1,34,999"
903,512 GB RO,512 GB ROM,apple,Blue,6.7,XDR,12,12,"₹1,34,999"
904,32 GB RO,32 GB ROM,apple,Silver,4.7,HD,5,12,"₹29,990"
906,512 GB RO,512 GB ROM,apple,Gold,6.1,XDR,12,48,"₹1,53,099"
908,64 GB RO,64 GB ROM,apple,Yellow,6.1,HD,12,12,"₹42,999"
909,128 GB RO,128 GB ROM,apple,Purple,6.1,HD,12,12,"₹47,999"
911,64 GB RO,64 GB ROM,apple,Green,6.1,HD,12,12,"₹42,999"
912,256 GB RO,256 GB ROM,apple,Purple,6.7,XDR,12,48,"₹1,38,099"
913,256 GB RO,256 GB ROM,apple,Green,6.1,XDR,12,12,"₹71,499"
914,64 GB RO,64 GB ROM,apple,Black,5.4,XDR,12,12,"₹49,999"
915,256 GB RO,256 GB ROM,apple,Silver,6.7,XDR,12,48,"₹1,38,099"
917,256 GB RO,256 GB ROM,apple,Black,6.7,XDR,12,48,"₹1,38,099"
920,128 GB RO,128 GB ROM,apple,Green,5.4,XDR,12,12,"₹54,999"
921,256 GB RO,256 GB ROM,apple,White,4.7,HD,7,12,"₹40,990"
922,128 GB RO,128 GB ROM,apple,Green,6.1,XDR,12,12,"₹1,19,900"
923,64 GB RO,64 GB ROM,apple,Black,4.7,HD,7,12,"₹28,990"
924,128 GB RO,128 GB ROM,apple,Silver,6.7,XDR,12,12,"₹1,29,900"
927,1 TB RO,1 TB ROM,apple,Gold,6.7,XDR,12,12,"₹1,55,999"
930,64 GB RO,64 GB ROM,apple,Grey,6.5,XDR,12,12,"₹95,699"
931,512 GB RO,512 GB ROM,apple,Silver,6.7,XDR,12,12,"₹1,34,999"
932,512 GB RO,512 GB ROM,apple,Gold,6.1,XDR,12,12,"₹1,06,699"
933,32 GB RO,32 GB ROM,apple,Gold,4.7,HD,2,8,"₹28,130"
934,16 GB RO,16 GB ROM,apple,Grey,4.7,HD,2,8,"₹52,000"
935,512 GB RO,512 GB ROM,apple,Green,6.7,XDR,12,12,"₹1,34,999"
936,64 GB RO,64 GB ROM,apple,Gold,5.5,HD,7,12,"₹49,900"
937,1 TB RO,1 TB ROM,apple,Silver,6.1,XDR,12,48,"₹1,73,099"
938,1 TB RO,1 TB ROM,apple,Green,6.1,XDR,12,12,"₹1,44,999"
939,64 GB RO,64 GB ROM,apple,Grey,5.5,HD,7,12,"₹49,900"
940,256 GB RO,256 GB ROM,apple,Gold,4.7,HD,7,12,"₹77,000"
941,64 GB RO,64 GB ROM,apple,Gold,4.7,HD,7,12,"₹39,900"
942,128 GB RO,128 GB ROM,apple,Gold,6.7,XDR,12,12,"₹1,29,900"
943,256 GB RO,256 GB ROM,apple,Silver,4.7,HD,7,12,"₹77,000"
944,64 GB RO,64 GB ROM,apple,Grey,6.5,HD,7,12,"₹1,09,900"
945,32 GB RO,32 GB ROM,apple,Grey,4.7,HD,2,8,"₹30,780"
946,128 GB RO,128 GB ROM,apple,Gold,6.1,XDR,12,12,"₹1,19,900"
948,16 GB RO,16 GB ROM,apple,Grey,6.1,Retina,2,8,"₹25,000"
949,32 GB RO,32 GB ROM,apple,Gold,5.5,HD,5,12,"₹34,900"
953,64 GB RO,64 GB ROM,apple,Green,5.8,XDR,12,12,"₹87,099"
954,256 GB RO,256 GB ROM,apple,Grey,6.5,HD,7,12,"₹1,24,900"
955,64 GB RO,64 GB ROM,apple,Silver,4.7,HD,7,12,"₹39,900"
956,256 GB RO,256 GB ROM,apple,Grey,5.5,HD,7,12,"₹84,900"
957,512 GB RO,512 GB ROM,apple,Grey,5.8,HD,7,12,"₹1,34,900"
959,256 GB RO,256 GB ROM,apple,Silver,5.5,HD,7,12,"₹84,900"
960,256 GB RO,256 GB ROM,apple,Green,6.7,XDR,12,12,"₹1,39,900"
961,1 TB RO,1 TB ROM,apple,Black,6.1,XDR,12,48,"₹1,73,099"
962,64 GB RO,64 GB ROM,apple,Silver,5.5,HD,7,12,"₹49,900"
963,512 GB RO,512 GB ROM,apple,Gold,5.8,HD,7,12,"₹1,34,900"
964,256 GB RO,256 GB ROM,apple,Gold,6.5,HD,7,12,"₹1,24,900"
965,1 TB RO,1 TB ROM,apple,Blue,6.7,XDR,12,12,"₹1,55,999"
966,1 TB RO,1 TB ROM,apple,Gold,6.1,XDR,12,12,"₹1,44,999"
967,64 GB RO,64 GB ROM,apple,White,5.4,XDR,12,12,"₹49,999"
968,256 GB RO,256 GB ROM,apple,Blue,6.7,XDR,12,12,"₹1,39,900"
969,128 GB RO,128 GB ROM,apple,Green,6.7,XDR,12,12,"₹1,29,900"
972,128 GB RO,128 GB ROM,apple,Blue,5.4,XDR,12,12,"₹54,999"
973,128 GB RO,128 GB ROM,apple,Gold,6.1,XDR,12,12,"₹78,899"
974,1 TB RO,1 TB ROM,apple,Silver,6.7,XDR,12,48,"₹1,78,099"
975,32 GB RO,32 GB ROM,apple,Black,4.7,HD,7,12,"₹31,500"
983,256 GB RO,256 GB ROM,apple,Black,4.7,HD,7,12,"₹40,990"
984,512 GB RO,512 GB ROM,apple,Green,6.1,XDR,12,12,"₹1,25,999"
985,16 GB RO,16 GB ROM,apple,Grey,5.5,HD,2,8,"₹39,999"
989,256 GB RO,256 GB ROM,apple,Green,5.4,XDR,12,12,"₹71,999"
990,512 GB RO,512 GB ROM,apple,Black,6.7,XDR,12,48,"₹1,58,099"
991,128 GB RO,128 GB ROM,apple,Yellow,6.1,HD,12,12,"₹47,999"
992,512 GB RO,512 GB ROM,apple,Silver,6.7,XDR,12,48,"₹1,58,099"
993,128 GB RO,128 GB ROM,apple,Black,5.4,XDR,12,12,"₹54,999"
994,512 GB RO,512 GB ROM,apple,Yellow,6.7,XDR,12,12,"₹1,07,999"
995,64 GB RO,64 GB ROM,apple,Purple,5.4,XDR,12,12,"₹49,999"
996,128 GB RO,128 GB ROM,apple,Green,6.1,XDR,12,12,"₹57,999"
998,32 GB RO,32 GB ROM,apple,Gold,4.7,HD,5,12,"₹29,990"
999,256 GB RO,256 GB ROM,apple,Gold,6.1,XDR,12,12,"₹88,199"
1000,32 GB RO,32 GB ROM,apple,Gold,4.7,HD,7,12,"₹31,500"
1007,128 GB RO,128 GB ROM,apple,Green,6.1,HD,12,12,"₹47,999"
1009,512 GB RO,512 GB ROM,apple,Silver,6.5,HD,7,12,"₹1,44,900"
1010,256 GB RO,256 GB ROM,apple,Black,5.5,HD,7,12,"₹85,400"
1011,256 GB RO,256 GB ROM,apple,Silver,5.8,XDR,12,12,"₹1,00,699"
1012,16 GB RO,16 GB ROM,apple,Gold,5.5,HD,5,12,"₹49,999"
1014,32 GB RO,32 GB ROM,apple,Black,4.7,HD,7,12,"₹31,500"
1015,256 GB RO,256 GB ROM,apple,Grey,5.8,XDR,12,12,"₹1,00,699"
1017,512 GB RO,512 GB ROM,apple,Grey,6.5,HD,7,12,"₹1,44,900"
1018,512 GB RO,512 GB ROM,apple,Silver,5.8,XDR,12,12,"₹1,40,300"
1022,512 GB RO,512 GB ROM,apple,Gold,5.8,XDR,12,12,"₹1,40,300"
1027,64 GB RO,64 GB ROM,apple,Gold,5.5,HD,5,12,"₹59,999"
1028,256 GB RO,256 GB ROM,apple,Purple,6.1,XDR,12,12,"₹66,999"
1030,32 GB RO,32 GB ROM,apple,Grey,5.5,HD,5,12,"₹34,900"
1033,64 GB RO,64 GB ROM,apple,Grey,4.7,HD,5,12,"₹49,999"
1034,16 GB RO,16 GB ROM,apple,Gold,4.7,HD,5,12,"₹31,999"
1035,128 GB RO,128 GB ROM,apple,Purple,5.4,XDR,12,12,"₹54,999"
1036,128 GB RO,128 GB ROM,apple,Gold,4.7,HD,2,8,"₹49,999"
1037,64 GB RO,64 GB ROM,apple,Silver,4.7,HD,5,12,"₹49,999"
1038,512 GB RO,512 GB ROM,apple,Blue,5.4,XDR,12,12,"₹89,999"
1040,32 GB RO,32 GB ROM,apple,Silver,5.5,HD,5,12,"₹34,900"
1041,64 GB RO,64 GB ROM,apple,Silver,5.5,HD,5,12,"₹59,999"
1042,128 GB RO,128 GB ROM,apple,Silver,6.1,XDR,12,12,"₹78,899"
1043,128 GB RO,128 GB ROM,apple,White,4.7,HD,7,12,"₹32,990"
1044,512 GB RO,512 GB ROM,apple,Blue,6.1,XDR,12,12,"₹1,25,999"
1045,64 GB RO,64 GB ROM,apple,Gold,5.5,HD,5,12,"₹59,999"
1046,256 GB RO,256 GB ROM,apple,Silver,6.1,XDR,12,12,"₹1,29,900"
1047,64 GB RO,64 GB ROM,apple,Purple,6.1,HD,12,12,"₹42,999"
1049,32 GB RO,32 GB ROM,apple,Black,5.488,HD,7,12,"₹37,900"
1050,256 GB RO,256 GB ROM,apple,Grey,6.5,XDR,12,12,"₹1,31,900"
1053,512 GB RO,512 GB ROM,apple,Gold,6.5,HD,7,12,"₹1,44,900"
1054,16 GB RO,16 GB ROM,apple,Silver,4.7,HD,2,8,"₹36,990"
1055,64 GB RO,64 GB ROM,apple,Silver,6.5,HD,7,12,"₹1,09,900"
1056,32 GB RO,32 GB ROM,apple,Gold,5.5,HD,5,12,"₹34,900"
1057,64 GB RO,64 GB ROM,apple,Gold,4.7,HD,5,12,"₹49,999"
1058,16 GB RO,16 GB ROM,apple,Gold,5.5,HD,5,12,"₹49,999"
1059,16 GB RO,16 GB ROM,apple,Silver,4.7,HD,5,12,"₹41,999"
1060,128 GB RO,128 GB ROM,apple,Gold,4.7,HD,5,12,"₹55,999"
1062,128 GB RO,128 GB ROM,apple,White,4.7,HD,7,12,"₹32,990"
1063,256 GB RO,256 GB ROM,apple,Black,5.5,HD,7,12,"₹85,400"
1064,64 GB RO,64 GB ROM,apple,White,4.7,HD,7,12,"₹28,990"
1065,256 GB RO,256 GB ROM,apple,Black,4.7,HD,7,12,"₹40,990"
1066,256 GB RO,256 GB ROM,apple,Blue,6.1,XDR,12,12,"₹1,29,900"
1067,64 GB RO,64 GB ROM,apple,Green,5.4,XDR,12,12,"₹49,999"
1069,128 GB RO,128 GB ROM,apple,Silver,4.7,HD,5,12,"₹55,999"
1070,128 GB RO,128 GB ROM,apple,Blue,5.4,XDR,12,12,"₹61,999"
1073,256 GB RO,256 GB ROM,apple,Silver,6.5,XDR,12,12,"₹1,31,900"
1074,64 GB RO,64 GB ROM,apple,Grey,4.7,HD,2,8,"₹44,999"
1077,512 GB RO,512 GB ROM,apple,Yellow,6.1,XDR,12,12,"₹1,02,999"
1078,16 GB RO,16 GB ROM,apple,Gold,4.7,HD,5,12,"₹41,999"
1079,256 GB RO,256 GB ROM,apple,Gold,6.5,XDR,12,12,"₹1,31,900"
1080,256 GB RO,256 GB ROM,apple,White,6.1,XDR,12,12,"₹66,999"
1081,32 GB RO,32 GB ROM,apple,Gold,4.7,HD,5,12,"₹29,990"
1082,64 GB RO,64 GB ROM,apple,Gold,5.8,XDR,12,12,"₹87,099"
1084,256 GB RO,256 GB ROM,apple,White,5.4,XDR,12,12,"₹55,999"
1085,256 GB RO,256 GB ROM,apple,Green,6.1,XDR,12,12,"₹1,29,900"
1087,512 GB RO,512 GB ROM,apple,Gold,6.7,XDR,12,48,"₹1,58,099"
1089,128 GB RO,128 GB ROM,apple,Gold,4.7,HD,5,12,"₹55,999"
1092,128 GB RO,128 GB ROM,apple,Black,4.7,HD,7,12,"₹34,900"
1096,256 GB RO,256 GB ROM,apple,Grey,5.8,HD,7,12,"₹1,03,900"
1098,128 GB RO,128 GB ROM,apple,White,6.1,XDR,12,12,"₹57,999"
1099,128 GB RO,128 GB ROM,apple,Black,4.7,HD,7,12,"₹32,990"
1100,256 GB RO,256 GB ROM,apple,Purple,5.4,XDR,12,12,"₹55,999"
1103,256 GB RO,256 GB ROM,apple,Green,6.5,XDR,12,12,"₹1,01,999"
1104,256 GB RO,256 GB ROM,apple,Gold,5.5,HD,7,12,"₹85,400"
1106,32 GB RO,32 GB ROM,apple,White,4.7,Retina,2,8,"₹53,500"
1108,128 GB RO,128 GB ROM,apple,White,5.4,XDR,12,12,"₹54,999"
1109,8 GB RO,8 GB ROM,apple,Blue,5.4,Retina,2,8,"₹14,999"
1110,8 GB RO,8 GB ROM,apple,White,5.4,Retina,2,8,"₹14,999"
1112,256 GB RO,256 GB ROM,apple,Silver,4.7,HD,7,12,"₹74,400"
1113,128 GB RO,128 GB ROM,apple,Gold,5.488,HD,7,12,"₹42,900"
1115,128 GB RO,128 GB ROM,apple,Gold,4.7,HD,7,12,"₹34,900"
1117,64 GB RO,64 GB ROM,apple,Silver,5.5,HD,2,8,"₹48,999"
1120,64 GB RO,64 GB ROM,apple,Grey,4.7,HD,7,12,"₹39,900"
1122,512 GB RO,512 GB ROM,apple,Grey,6.5,XDR,12,12,"₹1,50,800"
1123,512 GB RO,512 GB ROM,apple,Blue,6.1,XDR,12,12,"₹1,06,699"
1124,64 GB RO,64 GB ROM,apple,Gold,6.5,HD,7,12,"₹1,09,900"
1125,256 GB RO,256 GB ROM,apple,Gold,4.7,HD,7,12,"₹74,400"
1128,256 GB RO,256 GB ROM,apple,Silver,5.8,HD,7,12,"₹1,03,900"
1138,1 TB RO,1 TB ROM,apple,Purple,6.7,XDR,12,48,"₹1,78,099"
1144,512 GB RO,512 GB ROM,apple,Silver,5.8,HD,7,12,"₹1,34,900"
1145,256 GB RO,256 GB ROM,apple,White,4.7,HD,7,12,"₹40,990"
1147,128 GB RO,128 GB ROM,apple,Grey,5.5,HD,5,12,"₹92,000"
1148,256 GB RO,256 GB ROM,apple,Gold,5.5,HD,7,12,"₹85,400"
1149,128 GB RO,128 GB ROM,apple,Black,4.7,HD,7,12,"₹32,990"
1150,128 GB RO,128 GB ROM,apple,Silver,4.7,HD,7,12,"₹34,900"
1153,128 GB RO,128 GB ROM,apple,Grey,4.7,HD,5,12,"₹82,000"
1154,8 GB RO,8 GB ROM,apple,Yellow,4.7,Retina,2,8,"₹37,500"
1155,256 GB RO,256 GB ROM,apple,Gold,4.7,HD,7,12,"₹74,400"
1158,128 GB RO,128 GB ROM,apple,Blue,6.1,XDR,12,12,"₹1,19,900"
1159,32 GB RO,32 GB ROM,apple,Gold,5.488,HD,7,12,"₹37,900"
1160,128 GB RO,128 GB ROM,apple,Gold,5.488,HD,7,12,"₹42,900"
1161,128 GB RO,128 GB ROM,apple,Gold,5.5,HD,5,12,"₹70,000"
1163,64 GB RO,64 GB ROM,apple,Gold,5.8,HD,7,12,"₹89,900"
1164,256 GB RO,256 GB ROM,apple,Black,4.7,HD,7,12,"₹74,400"
1166,16 GB RO,16 GB ROM,apple,Grey,5.5,HD,5,12,"₹72,000"
1167,64 GB RO,64 GB ROM,apple,Silver,5.8,XDR,12,12,"₹1,06,600"
1169,128 GB RO,128 GB ROM,apple,Blue,6.7,XDR,12,12,"₹1,29,900"
1170,128 GB RO,128 GB ROM,apple,Gold,6.7,XDR,12,12,"₹95,599"
1171,256 GB RO,256 GB ROM,apple,Gold,5.8,XDR,12,12,"₹1,21,300"
1172,512 GB RO,512 GB ROM,apple,Purple,6.7,XDR,12,48,"₹1,58,099"
1175,512 GB RO,512 GB ROM,apple,Gold,6.7,XDR,12,12,"₹1,23,299"
1177,128 GB RO,128 GB ROM,apple,Grey,5.5,HD,2,8,"₹80,500"
1178,64 GB RO,64 GB ROM,apple,Gold,5.5,HD,2,8,"₹71,500"
1179,64 GB RO,64 GB ROM,apple,Silver,5.8,HD,7,12,"₹91,900"
1181,256 GB RO,256 GB ROM,apple,Silver,5.8,HD,7,12,"₹1,06,900"
1183,128 GB RO,128 GB ROM,apple,Black,6.1,XDR,12,12,"₹57,999"
1213,1 TB RO,1 TB ROM,apple,Gold,6.7,XDR,12,48,"₹1,78,099"
1215,64 GB RO,64 GB ROM,apple,Gold,4.7,HD,2,8,"₹62,500"
1217,256 GB RO,256 GB ROM,apple,Gold,6.1,XDR,12,12,"₹1,29,900"
1218,128 GB RO,128 GB ROM,apple,Silver,5.5,HD,2,8,"₹48,999"
1227,256 GB RO,256 GB ROM,apple,Silver,6.7,XDR,12,12,"₹1,29,900"
1229,128 GB RO,128 GB ROM,apple,Silver,6.7,XDR,12,12,"₹95,599"
1230,256 GB RO,256 GB ROM,apple,Black,4.7,HD,7,12,"₹74,400"
1234,16 GB RO,16 GB ROM,apple,Grey,4.7,HD,5,12,"₹62,000"
1236,128 GB RO,128 GB ROM,apple,Blue,6.1,XDR,12,12,"₹78,899"
1237,128 GB RO,128 GB ROM,apple,Gold,5.5,HD,2,8,"₹80,500"
1243,512 GB RO,512 GB ROM,apple,Blue,6.7,XDR,12,12,"₹1,23,299"
1246,128 GB RO,128 GB ROM,apple,Blue,6.1,XDR,12,12,"₹57,999"
1302,8 GB RAM ,256 GB RO,oneplus,Blue,6.67,HD+,16,48,"₹45,999"
1339,8 GB RAM ,128 GB RO,oneplus,Green,6.78,HD+,16,48,"₹54,999"
1354,12 GB RAM ,256 GB RO,oneplus,Green,6.78,HD+,16,48,"₹59,990"
1358,6 GB RAM ,64 GB ROM,oneplus,Blue,6.44,HD+,32,48,"₹24,999"
1359,12 GB RAM ,256 GB RO,oneplus,Blue,6.44,HD+,32,48,"₹29,999"
1361,8 GB RAM ,128 GB RO,oneplus,Blue,6.44,HD+,32,48,"₹27,999"
1367,12 GB RAM ,256 GB RO,oneplus,Black,6.78,HD+,16,48,"₹49,990"
1368,8 GB RAM ,128 GB RO,oneplus,Black,6.78,HD+,16,48,"₹45,999"
1376,4 GB RAM ,64 GB ROM,redmi,Blue,6.7,HD+,5,50,"₹9,499"
1377,4 GB RAM ,64 GB ROM,redmi,Black,6.7,HD+,5,50,"₹9,499"
1378,4 GB RAM ,64 GB ROM,redmi,Black,6.7,HD+,5,50,"₹9,499"
1379,4 GB RAM ,64 GB ROM,redmi,Orange,6.7,HD+,5,50,"₹9,499"
1380,4 GB RAM ,64 GB ROM,redmi,Green,6.7,HD+,5,50,"₹9,499"
1381,8 GB RAM ,128 GB RO,vivo,Blue,6.7,AMOLED,50,50,"₹32,999"
1382,8 GB RAM ,128 GB RO,vivo,Black,6.7,AMOLED,50,50,"₹32,999"
1387,4 GB RAM ,64 GB ROM,vivo,Blue,6.58,HD+,8,50,"₹11,999"
1388,4 GB RAM ,64 GB ROM,vivo,Black,6.58,HD+,8,50,"₹11,999"
1389,4 GB RAM ,128 GB RO,vivo,Black,6.58,HD+,8,50,"₹12,999"
1391,6 GB RAM ,128 GB RO,vivo,Black,6.58,HD+,8,50,"₹14,999"
1392,4 GB RAM ,128 GB RO,vivo,Blue,6.58,HD+,8,50,"₹12,999"
1393,6 GB RAM ,128 GB RO,vivo,Blue,6.58,HD+,8,50,"₹14,999"
1394,3 GB RAM ,64 GB ROM,oppo,Blue,6.56,HD+,5,8,"₹9,499"
1395,3 GB RAM ,64 GB ROM,oppo,Gold,6.56,HD+,5,8,"₹9,499"
1396,6 GB RAM ,128 GB RO,redmi,Black,6.7,HD+,5,50,"₹11,999"
1401,4 GB RAM ,64 GB ROM,oppo,Orange,6.56,HD+,5,50,"₹12,499"
1402,4 GB RAM ,64 GB ROM,oppo,Black,6.56,HD+,5,50,"₹12,499"
1403,6 GB RAM ,128 GB RO,redmi,Purple,6.67,HD,16,50,"₹24,999"
1404,3 GB RAM ,64 GB ROM,oppo,Blue,6.56,HD+,5,8,"₹9,499"
1405,6 GB RAM ,128 GB RO,redmi,Green,6.7,HD+,5,50,"₹11,999"
1408,8 GB RAM ,256 GB RO,redmi,Blue,6.67,HD,16,50,"₹27,999"
1410,6 GB RAM ,128 GB RO,redmi,Blue,6.67,HD,16,50,"₹24,999"
1412,6 GB RAM ,128 GB RO,redmi,Black,6.67,HD,16,50,"₹24,999"
1413,8 GB RAM ,256 GB RO,redmi,Black,6.67,HD,16,50,"₹27,999"
1414,8 GB RAM ,256 GB RO,redmi,Blue,6.67,HD+,16,200,"₹29,999"
1415,8 GB RAM ,256 GB RO,redmi,Purple,6.67,HD,16,50,"₹27,999"
1416,6 GB RAM ,128 GB RO,redmi,Blue,6.7,HD+,5,50,"₹11,999"
1417,3 GB RAM ,32 GB ROM,vivo,Green,6.51,HD+,8,13,"₹9,499"
1418,12 GB RAM ,256 GB RO,redmi,Black,6.67,HD+,16,200,"₹32,999"
1419,3 GB RAM ,32 GB ROM,vivo,Grey,6.51,HD+,5,8,"₹8,999"
1420,6 GB RAM ,64 GB ROM,redmi,White,6.43,AMOLED,13,64,"₹12,999"
1421,6 GB RAM ,128 GB RO,oppo,Gold,6.43,HD+,16,48,"₹15,990"
1422,3 GB RAM ,32 GB ROM,vivo,Blue,6.51,HD+,5,8,"₹8,999"
1433,4 GB RAM ,64 GB ROM,oppo,Blue,6.56,HD+,5,50,"₹12,599"
1442,8 GB RAM ,128 GB RO,vivo,Black,6.58,HD+,16,50,"₹18,499"
1443,8 GB RAM ,128 GB RO,oppo,Black,6.7,HD+,32,108,"₹29,999"
1444,8 GB RAM ,128 GB RO,oppo,Gold,6.7,HD+,32,108,"₹29,999"
1445,8 GB RAM ,128 GB RO,vivo,Black,6.58,HD+,16,50,"₹18,990"
1446,8 GB RAM ,128 GB RO,vivo,Gold,6.58,HD+,16,50,"₹18,499"
1447,4 GB RAM ,64 GB ROM,vivo,Green,6.55,HD+,8,50,"₹14,499"
1448,4 GB RAM ,64 GB ROM,vivo,Blue,6.55,HD+,8,50,"₹14,499"
1449,4 GB RAM ,64 GB ROM,vivo,Black,6.51,HD+,5,13,"₹12,499"
1452,8 GB RAM ,128 GB RO,oppo,Orange,6.56,HD+,8,50,"₹17,999"
1454,6 GB RAM ,128 GB RO,vivo,Green,6.55,HD+,8,50,"₹16,499"
1456,6 GB RAM ,128 GB RO,oppo,Blue,6.43,HD+,16,48,"₹14,990"
1457,3 GB RAM ,64 GB ROM,vivo,Black,6.51,HD+,5,13,"₹10,999"
1458,3 GB RAM ,32 GB ROM,vivo,Black,6.51,HD+,5,13,"₹9,999"
1459,3 GB RAM ,64 GB ROM,vivo,Gold,6.51,HD+,5,13,"₹10,928"
1460,6 GB RAM ,128 GB RO,vivo,Blue,6.55,HD+,8,50,"₹16,499"
1466,6 GB RAM ,128 GB RO,oppo,Black,6.43,HD+,16,48,"₹14,990"
1467,8 GB RAM ,128 GB RO,vivo,Black,6.44,AMOLED,16,64,"₹24,999"
1468,4 GB RAM ,64 GB ROM,vivo,Gold,6.51,HD+,5,13,"₹12,499"
1470,8 GB RAM ,128 GB RO,oppo,Black,6.56,HD+,8,50,"₹17,999"
1471,4 GB RAM ,64 GB ROM,redmi,Green,6.53,HD+,5,13,"₹7,699"
1472,8 GB RAM ,128 GB RO,redmi,Black,6.43,AMOLED,13,64,"₹16,499"
1474,8 GB RAM ,128 GB RO,vivo,Black,6.58,HD+,16,50,"₹19,999"
1476,2 GB RAM ,32 GB ROM,redmi,Blue,6.52,HD+,5,8,"₹7,499"
1477,8 GB RAM ,128 GB RO,oppo,Black,6.43,HD,32,50,"₹29,999"
1478,8 GB RAM ,128 GB RO,oppo,Gold,6.43,HD,32,50,"₹29,999"
1479,6 GB RAM ,128 GB RO,redmi,Green,6.53,HD+,5,13,"₹11,499"
1490,3 GB RAM ,32 GB ROM,vivo,Blue,6.51,HD+,8,13,"₹9,499"
1492,12 GB RAM ,256 GB RO,vivo,Blue,6.43,AMOLED,50,50,"₹36,999"
1498,6 GB RAM ,128 GB RO,oppo,Black,6.43,HD+,16,48,"₹16,990"
1502,12 GB RAM ,256 GB RO,redmi,Blue,6.67,HD+,16,200,"₹32,999"
1503,8 GB RAM ,128 GB RO,vivo,Black,6.58,HD+,16,50,"₹17,990"
1504,8 GB RAM ,128 GB RO,oppo,Black,6.43,HD+,16,48,"₹17,990"
1505,2 GB RAM ,32 GB ROM,redmi,Black,6.52,HD+,5,8,"₹7,499"
1506,8 GB RAM ,256 GB RO,redmi,Black,6.67,HD+,16,200,"₹29,999"
1508,8 GB RAM ,128 GB RO,vivo,Blue,6.78,HD+,50,50,"₹37,999"
1509,8 GB RAM ,128 GB RO,vivo,Orange,6.58,HD+,16,50,"₹19,999"
1510,8 GB RAM ,128 GB RO,vivo,Orange,6.58,HD+,16,50,"₹19,943"
1511,6 GB RAM ,128 GB RO,redmi,Green,6.56,HD+,8,48,"₹14,999"
1512,3 GB RAM ,32 GB ROM,redmi,Blue,6.52,HD+,5,8,"₹8,499"
1514,4 GB RAM ,64 GB ROM,redmi,Carbon,6.53,HD+,5,13,"₹9,200"
1515,2 GB RAM ,32 GB ROM,vivo,Blue,6.51,HD+,5,8,"₹7,999"
1518,12 GB RAM ,256 GB RO,vivo,Black,6.78,HD+,50,50,"₹42,999"
1519,3 GB RAM ,32 GB ROM,redmi,Green,6.52,HD+,5,8,"₹8,499"
1520,12 GB RAM ,256 GB RO,vivo,Blue,6.78,HD+,50,50,"₹42,999"
1521,4 GB RAM ,64 GB ROM,oppo,Gold,6.56,HD+,8,13,"₹13,999"
1524,8 GB RAM ,128 GB RO,vivo,Black,6.58,HD+,16,50,"₹19,990"
1527,8 GB RAM ,256 GB RO,vivo,Blue,6.78,HD+,50,50,"₹39,999"
1528,8 GB RAM ,256 GB RO,vivo,Black,6.78,HD+,50,50,"₹39,999"
1531,4 GB RAM ,64 GB ROM,oppo,Blue,6.56,HD+,5,50,"₹12,198"
1532,8 GB RAM ,128 GB RO,oppo,Gold,6.43,AMOLED,16,64,"₹24,634"
1533,8 GB RAM ,128 GB RO,redmi,White,6.43,AMOLED,13,64,"₹16,499"
1534,8 GB RAM ,128 GB RO,oppo,Blue,6.56,HD+,8,48,"₹25,999"
1535,6 GB RAM ,128 GB RO,redmi,Black,6.53,HD+,13,48,"₹14,999"
1536,4 GB RAM ,64 GB ROM,oppo,Blue,6.56,HD+,8,50,"₹15,499"
1538,2 GB RAM ,32 GB ROM,vivo,Blue,6.51,HD+,5,8,"₹8,190"
1540,3 GB RAM ,32 GB ROM,redmi,Black,6.52,HD+,5,8,"₹8,499"
1541,3 GB RAM ,32 GB ROM,oppo,White,6.52,HD+,5,13,"₹9,990"
1542,8 GB RAM ,128 GB RO,vivo,Black,6.78,HD+,50,50,"₹37,999"
1544,6 GB RAM ,128 GB RO,oppo,Black,6.59,HD+,16,50,"₹13,990"
1545,6 GB RAM ,128 GB RO,oppo,Blue,6.59,HD+,16,50,"₹13,990"
1546,8 GB RAM ,128 GB RO,oppo,Black,6.43,AMOLED,16,64,"₹24,999"
1551,4 GB RAM ,128 GB RO,vivo,Pearl,6.58,HD+,8,50,"₹15,499"
1552,2 GB RAM ,32 GB ROM,vivo,Black,6.51,HD+,5,8,"₹7,999"
1553,8 GB RAM ,128 GB RO,redmi,Purple,6.67,HD,16,50,"₹26,999"
1555,3 GB RAM ,32 GB ROM,oppo,Black,6.52,HD+,5,13,"₹9,990"
1556,3 GB RAM ,32 GB ROM,oppo,Blue,6.22,HD+,5,13,"₹9,990"
1557,8 GB RAM ,128 GB RO,vivo,Black,6.58,HD+,16,50,"₹19,990"
1560,4 GB RAM ,64 GB ROM,oppo,Black,6.56,HD+,8,13,"₹13,999"
1561,6 GB RAM ,64 GB ROM,redmi,White,6.43,HD+,13,64,"₹11,999"
1563,4 GB RAM ,128 GB RO,oppo,Orange,6.56,HD+,8,50,"₹15,999"
1564,4 GB RAM ,128 GB RO,oppo,Blue,6.56,HD+,8,50,"₹15,999"
1566,6 GB RAM ,128 GB RO,redmi,Grey,6.53,HD+,13,48,"₹14,999"
1567,4 GB RAM ,64 GB ROM,vivo,Blue,6.51,HD+,8,13,"₹13,989"
1568,4 GB RAM ,128 GB RO,oppo,Blue,6.51,HD+,16,50,"₹13,999"
1569,4 GB RAM ,128 GB RO,oppo,Green,6.51,HD+,16,50,"₹13,999"
1570,4 GB RAM ,128 GB RO,vivo,Blue,6.58,HD+,8,50,"₹15,499"
1571,4 GB RAM ,64 GB ROM,oppo,Green,6.56,HD+,8,13,"₹13,999"
1577,3 GB RAM ,32 GB ROM,vivo,Green,6.51,HD+,8,13,"₹9,499"
1578,12 GB RAM ,256 GB RO,redmi,White,6.67,HD+,16,200,"₹32,999"
1580,4 GB RAM ,64 GB ROM,oppo,Blue,6.22,HD+,5,13,"₹10,990"
1583,6 GB RAM ,128 GB RO,redmi,White,6.5,HD,8,50,"₹14,999"
1586,6 GB RAM ,128 GB RO,redmi,Purple,6.53,HD+,5,13,"₹11,499"
1587,8 GB RAM ,128 GB RO,vivo,Gold,6.44,AMOLED,44,50,"₹24,999"
1590,6 GB RAM ,128 GB RO,redmi,Carbon,6.53,HD+,5,13,"₹11,499"
1591,8 GB RAM ,128 GB RO,oppo,Black,6.43,HD+,32,64,"₹20,950"
1592,12 GB RAM ,256 GB RO,vivo,Black,6.78,HD,32,50,"₹79,999"
1594,6 GB RAM ,128 GB RO,redmi,Black,6.5,HD,8,50,"₹14,999"
1597,4 GB RAM ,64 GB ROM,oppo,Silver,6.22,HD+,5,13,"₹10,990"
1598,6 GB RAM ,128 GB RO,oppo,Black,6.51,HD+,16,50,"₹15,999"
1599,4 GB RAM ,128 GB RO,oppo,Black,6.51,HD+,16,50,"₹13,999"
1626,8 GB RAM ,128 GB RO,oppo,Gold,6.43,HD+,32,64,"₹21,890"
1629,8 GB RAM ,128 GB RO,vivo,Black,6.78,HD+,32,50,"₹54,999"
1630,6 GB RAM ,128 GB RO,oppo,Blue,6.56,HD+,8,13,"₹16,490"
1631,8 GB RAM ,128 GB RO,oppo,Silver,6.43,HD+,16,48,"₹17,990"
1632,4 GB RAM ,64 GB ROM,redmi,Carbon,6.53,HD+,5,13,"₹8,989"
1633,6 GB RAM ,128 GB RO,vivo,Black,6.58,HD+,16,50,"₹16,990"
1635,8 GB RAM ,128 GB RO,oppo,Black,6.56,HD+,8,48,"₹16,999"
1636,4 GB RAM ,64 GB ROM,vivo,Blue,6.51,HD+,8,13,"₹13,450"
1637,4 GB RAM ,64 GB ROM,vivo,Blue,6.51,HD+,8,13,"₹12,895"
1638,6 GB RAM ,128 GB RO,oppo,Black,6.51,HD+,16,50,"₹14,900"
1639,4 GB RAM ,64 GB ROM,oppo,White,6.52,HD+,5,13,"₹10,990"
1640,8 GB RAM ,256 GB RO,vivo,Blue,6.44,HD+,44,64,"₹28,490"
1641,6 GB RAM ,128 GB RO,redmi,Blue,6.5,HD,8,50,"₹14,999"
1642,4 GB RAM ,128 GB RO,vivo,Black,6.58,HD+,16,50,"₹15,990"
1643,8 GB RAM ,128 GB RO,oppo,Black,6.59,HD+,16,50,"₹16,990"
1644,4 GB RAM ,64 GB ROM,oppo,Green,6.51,HD+,16,50,"₹13,499"
1646,4 GB RAM ,64 GB ROM,redmi,White,6.56,HD+,8,48,"₹12,999"
1648,8 GB RAM ,128 GB RO,vivo,Black,6.44,HD+,16,64,"₹19,990"
1649,8 GB RAM ,256 GB RO,oppo,Purple,6.8,HD+,32,50,"₹89,999"
1651,8 GB RAM ,128 GB RO,vivo,Gold,6.56,HD+,50,108,"₹38,990"
1654,8 GB RAM ,128 GB RO,vivo,Black,6.44,HD+,50,64,"₹30,989"
1655,8 GB RAM ,128 GB RO,vivo,Black,6.44,HD+,50,64,"₹27,999"
1656,4 GB RAM ,64 GB ROM,oppo,Black,6.52,HD+,8,13,"₹12,990"
1657,4 GB RAM ,64 GB ROM,redmi,Green,6.53,HD+,5,13,"₹7,499"
1658,6 GB RAM ,128 GB RO,redmi,White,6.56,HD+,8,48,"₹14,999"
1660,4 GB RAM ,128 GB RO,oppo,Black,6.51,HD+,16,50,"₹13,998"
1661,3 GB RAM ,32 GB ROM,oppo,Black,6.52,HD+,5,13,"₹9,490"
1662,6 GB RAM ,128 GB RO,oppo,Black,6.5,HD+,8,12,"₹14,100"
1663,3 GB RAM ,32 GB ROM,oppo,Blue,6.52,HD+,5,13,"₹9,780"
1664,4 GB RAM ,128 GB RO,redmi,Black,6.53,HD+,13,48,"₹14,819"
1666,3 GB RAM ,32 GB ROM,oppo,Black,6.52,HD+,5,13,"₹9,490"
1667,4 GB RAM ,64 GB ROM,redmi,Green,6.53,HD+,13,48,"₹12,990"
1668,4 GB RAM ,64 GB ROM,redmi,Black,6.53,HD+,13,48,"₹11,999"
1669,6 GB RAM ,64 GB ROM,redmi,Purple,6.43,HD+,13,64,"₹11,999"
1670,8 GB RAM ,128 GB RO,vivo,Blue,6.44,HD+,50,64,"₹29,900"
1672,12 GB RAM ,256 GB RO,vivo,Blue,6.44,HD+,50,64,"₹31,999"
1674,8 GB RAM ,128 GB RO,vivo,Black,6.56,HD+,50,108,"₹38,990"
1676,6 GB RAM ,128 GB RO,oppo,Blue,6.51,HD+,16,13,"₹15,990"
1679,3 GB RAM ,64 GB ROM,vivo,Green,6.51,HD+,8,13,"₹13,990"
1682,4 GB RAM ,64 GB ROM,oppo,Black,6.56,HD+,8,13,"₹13,885"
1683,3 GB RAM ,32 GB ROM,oppo,Black,6.5,HD+,8,13,"₹10,490"
1685,4 GB RAM ,128 GB RO,oppo,Blue,6.51,HD+,16,13,"₹14,380"
1686,4 GB RAM ,64 GB ROM,vivo,Blue,6.51,HD+,8,13,"₹14,900"
1687,4 GB RAM ,64 GB ROM,redmi,Green,6.56,HD+,8,48,"₹12,999"
1689,6 GB RAM ,64 GB ROM,redmi,Black,6.43,AMOLED,13,64,"₹13,690"
1690,6 GB RAM ,128 GB RO,redmi,White,6.43,AMOLED,13,64,"₹16,499"
1692,12 GB RAM ,256 GB RO,oppo,Black,6.5,AMOLED,32,50,"₹34,999"
1693,4 GB RAM ,64 GB ROM,oppo,Green,6.56,HD+,8,13,"₹13,989"
1694,8 GB RAM ,128 GB RO,vivo,Blue,6.44,HD+,50,64,"₹27,999"
1697,8 GB RAM ,256 GB RO,oppo,Black,6.8,HD+,32,50,"₹89,999"
1698,6 GB RAM ,128 GB RO,oppo,Black,6.56,HD+,8,13,"₹16,490"
1699,6 GB RAM ,128 GB RO,oppo,Black,6.51,HD+,16,13,"₹13,250"
1701,8 GB RAM ,256 GB RO,oppo,Black,6.43,HD,32,64,"₹25,999"
1705,6 GB RAM ,128 GB RO,oppo,Black,6.52,HD+,8,13,"₹15,990"
1707,12 GB RAM ,256 GB RO,oppo,Blue,6.5,AMOLED,32,50,"₹34,999"
1710,4 GB RAM ,128 GB RO,oppo,Blue,6.51,HD+,16,13,"₹14,379"
1711,8 GB RAM ,128 GB RO,redmi,Black,6.53,HD+,20,64,"₹19,999"
1722,8 GB RAM ,128 GB RO,oppo,Black,6.43,HD+,32,64,"₹20,990"
1723,8 GB RAM ,128 GB RO,vivo,Blue,6.56,HD+,32,64,"₹35,999"
1724,4 GB RAM ,128 GB RO,redmi,Green,6.53,HD+,5,13,"₹9,299"
1726,4 GB RAM ,64 GB ROM,redmi,Black,6.56,HD+,8,48,"₹12,390"
1727,4 GB RAM ,64 GB ROM,vivo,Pearl,6.3,HD+,24,16,"₹23,990"
1728,8 GB RAM ,256 GB RO,oppo,Black,6.43,HD+,16,48,"₹22,999"
1729,8 GB RAM ,128 GB RO,oppo,Purple,6.43,HD+,16,48,"₹19,490"
1730,8 GB RAM ,256 GB RO,oppo,Silver,6.43,HD+,16,48,"₹22,990"
1731,6 GB RAM ,128 GB RO,redmi,White,6.53,HD+,13,48,"₹18,999"
1733,3 GB RAM ,32 GB ROM,vivo,Purple,6.22,HD+,8,13,"₹10,990"
1734,12 GB RAM ,256 GB RO,vivo,Black,6.78,HD+,32,50,"₹61,799"
1735,8 GB RAM ,128 GB RO,vivo,Pearl,6.44,HD+,32,64,"₹19,999"
1736,4 GB RAM ,64 GB ROM,vivo,Black,6.53,HD+,32,16,"₹15,990"
1744,6 GB RAM ,128 GB RO,oppo,Orange,6.44,HD+,16,16,"₹18,500"
1745,4 GB RAM ,64 GB ROM,redmi,Black,6.53,HD+,8,13,"₹10,499"
1746,4 GB RAM ,64 GB ROM,oppo,Pearl,6.52,HD+,8,13,"₹12,799"
1747,3 GB RAM ,32 GB ROM,vivo,Black,6.1,HD+,5,13,"₹13,990"
1748,3 GB RAM ,32 GB ROM,vivo,Black,6.22,HD+,8,13,"₹10,990"
1749,6 GB RAM ,64 GB ROM,redmi,Black,6.67,HD+,32,64,"₹18,999"
1751,3 GB RAM ,64 GB ROM,vivo,Blue,6.51,HD+,8,13,"₹15,490"
1754,6 GB RAM ,64 GB ROM,vivo,Black,6.53,HD+,32,12,"₹26,990"
1755,4 GB RAM ,64 GB ROM,vivo,Blue,6.51,HD+,8,13,"₹16,990"
1757,3 GB RAM ,16 GB ROM,oppo,Black,5.2,HD,5,13,"₹13,490"
1758,6 GB RAM ,128 GB RO,vivo,Black,6.28,HD+,12,12,"₹36,990"
1759,8 GB RAM ,128 GB RO,vivo,Black,6.44,HD+,16,64,"₹18,997"
1760,8 GB RAM ,128 GB RO,vivo,Silver,6.44,HD+,32,48,"₹30,990"
1761,8 GB RAM ,128 GB RO,redmi,Blue,6.53,HD+,20,64,"₹19,999"
1762,3 GB RAM ,32 GB ROM,oppo,Black,6.52,HD+,5,13,"₹10,990"
1764,6 GB RAM ,64 GB ROM,redmi,Blue,6.53,HD+,20,64,"₹16,999"
1765,3 GB RAM ,32 GB ROM,vivo,Gold,5.5,HD,16,13,"₹14,990"
1766,4 GB RAM ,32 GB ROM,vivo,Black,6.3,HD+,16,16,"₹19,990"
1767,3 GB RAM ,64 GB ROM,vivo,Blue,6.35,HD+,8,13,"₹10,999"
1769,8 GB RAM ,128 GB RO,oppo,Blue,6.56,HD+,8,50,"₹18,980"
1770,6 GB RAM ,128 GB RO,vivo,Blue,6.39,HD+,32,48,"₹32,990"
1772,4 GB RAM ,64 GB ROM,oppo,Gold,5.5,HD,16,13,"₹20,990"
1773,6 GB RAM ,128 GB RO,oppo,Gold,6.51,HD+,16,13,"₹15,999"
1776,4 GB RAM ,64 GB ROM,redmi,Black,6.53,HD+,8,48,"₹11,499"
1784,6 GB RAM ,128 GB RO,oppo,Cream,6.5,HD+,16,13,"₹13,990"
1785,12 GB RAM ,256 GB RO,vivo,Black,6.78,HD+,32,50,"₹61,999"
1792,8 GB RAM ,128 GB RO,vivo,Black,6.56,HD+,32,48,"₹34,990"
1797,6 GB RAM ,64 GB ROM,redmi,Gold,6.67,HD+,32,64,"₹18,999"
1801,6 GB RAM ,64 GB ROM,vivo,Blue,6.38,HD+,32,16,"₹20,990"
1802,6 GB RAM ,128 GB RO,redmi,White,6.67,HD+,32,64,"₹20,999"
1803,8 GB RAM ,128 GB RO,vivo,Purple,6.38,HD+,32,48,"₹24,990"
1804,6 GB RAM ,64 GB ROM,vivo,Purple,6.38,HD+,32,48,"₹19,990"
1805,4 GB RAM ,64 GB ROM,oppo,Gold,6.38,HD,16,16,"₹30,990"
1808,6 GB RAM ,128 GB RO,redmi,White,6.53,HD+,20,64,"₹17,999"
1809,6 GB RAM ,64 GB ROM,redmi,White,6.53,HD+,20,64,"₹16,999"
1815,4 GB RAM ,64 GB ROM,vivo,Black,6.22,HD+,20,13,"₹18,990"
1816,6 GB RAM ,64 GB ROM,vivo,Black,6.41,HD+,25,12,"₹28,990"
1817,8 GB RAM ,128 GB RO,vivo,Black,6.44,HD+,32,48,"₹32,990"
1818,6 GB RAM ,128 GB RO,oppo,Black,6.5,HD+,16,48,"₹29,990"
1819,4 GB RAM ,128 GB RO,oppo,White,6.4,HD+,16,48,"₹20,990"
1820,8 GB RAM ,128 GB RO,oppo,Black,6.4,HD+,16,48,"₹22,990"
1821,4 GB RAM ,128 GB RO,oppo,Blue,6.4,HD+,16,48,"₹20,990"
1822,8 GB RAM ,128 GB RO,oppo,Blue,6.4,HD+,16,48,"₹22,990"
1823,4 GB RAM ,128 GB RO,oppo,Black,6.4,HD+,16,48,"₹20,990"
1824,4 GB RAM ,64 GB ROM,oppo,Black,6.2,HD+,8,13,"₹15,990"
1827,3 GB RAM ,32 GB ROM,oppo,Blue,6.2,HD+,8,13,"₹13,990"
1828,2 GB RAM ,32 GB ROM,oppo,Blue,6.2,HD+,8,13,"₹12,990"
1829,4 GB RAM ,64 GB ROM,oppo,Green,6.2,HD+,8,13,"₹15,990"
1830,8 GB RAM ,128 GB RO,oppo,White,6.4,HD+,16,48,"₹22,990"
1831,6 GB RAM ,64 GB ROM,redmi,Black,6.53,HD+,20,64,"₹16,999"
1832,4 GB RAM ,64 GB ROM,vivo,Blue,6.35,HD+,16,13,"₹15,990"
1834,6 GB RAM ,128 GB RO,redmi,Green,6.53,HD+,8,48,"₹13,990"
1836,6 GB RAM ,64 GB ROM,vivo,Black,6.51,HD+,8,13,"₹17,990"
1838,4 GB RAM ,64 GB ROM,redmi,Grey,6.53,HD+,13,48,"₹14,999"
1843,12 GB RAM ,256 GB RO,vivo,Black,6.43,AMOLED,50,50,"₹36,999"
1845,6 GB RAM ,128 GB RO,oppo,Silver,6.43,HD+,16,48,"₹14,990"
1846,4 GB RAM ,64 GB ROM,redmi,Blue,6.53,HD+,5,13,"₹7,699"
1849,8 GB RAM ,256 GB RO,vivo,Blue,6.44,HD+,44,64,"₹30,990"
